MA_natural_gas_combined_cycle,CT_natural_gas_combined_cycle,ME_natural_gas_combined_cycle,MA_solar_pv,CT_onshore_wind,CT_solar_pv,ME_onshore_wind,MA_battery,CT_battery,ME_battery
3843.565884620355,7574.7974040688,0.0,0.0,0.0,0.0,0.0,0.0,0.0,0.0
3843.5658846203555,7009.197622458753,0.0,0.0,0.0,0.0,0.0,0.0,0.0,0.0
3843.5658846203555,6798.740313307898,0.0,0.0,0.0,0.0,0.0,0.0,0.0,0.0
3843.5658846203555,6772.420006823317,0.0,0.0,0.0,0.0,0.0,0.0,0.0,0.0
3843.5658846203555,7126.570191930099,0.0,0.0,0.0,0.0,0.0,0.0,0.0,0.0
3843.5658846203555,8162.667964073126,0.0,0.0,0.0,0.0,0.0,0.0,0.0,0.0
5171.522616879629,8702.30221915,0.0,0.0,0.0,0.0,0.0,0.0,0.0,0.0
6202.964031656876,8961.30221915,0.0,0.0,0.0,0.0,0.0,0.0,0.0,0.0
6513.368289880742,9040.302219150002,0.0,2.35,0.0,0.0,0.0,0.0,0.0,0.0
6590.646174489533,9071.30221915,0.0,46.35,0.0,0.0,0.0,0.0,0.0,0.0
6517.043907998955,9102.30221915,0.0,244.25,0.0,0.0,0.0,0.0,0.0,0.0
6679.103454700839,9106.30221915,0.0,102.25,0.0,0.0,0.0,0.0,0.0,0.0
6592.404965694558,9086.30221915,0.0,109.75,0.0,0.0,0.0,0.0,0.0,0.0
6534.835872290789,9074.30221915,0.0,117.2,0.0,0.0,0.0,0.0,0.0,0.0
6483.48738328451,9051.30221915,0.0,81.35000000000001,0.0,0.0,0.0,0.0,0.0,0.0
6688.084361297069,9094.30221915,0.0,43.15,0.0,0.0,0.0,0.0,0.0,0.0
7674.477287068037,9330.30221915,0.0,0.0,0.0,0.0,0.0,0.0,0.0,0.0
8212.747616710161,9466.302219148049,0.0,0.0,0.0,0.0,0.0,0.0,0.0,0.0
8073.410185397556,9431.30221915,0.0,0.0,0.0,0.0,0.0,0.0,0.0,0.0
7723.576531571179,9342.302219150002,0.0,0.0,0.0,0.0,0.0,0.0,0.0,0.0
7187.306201930985,9208.30221915,0.0,0.0,0.0,0.0,0.0,0.0,0.0,0.0
6279.162520663157,8981.30221915,0.0,0.0,0.0,0.0,0.0,0.0,0.0,0.0
5049.224883370208,8672.302219150002,0.0,0.0,0.0,0.0,0.0,0.0,0.0,0.0
3876.4460372822837,8378.30221915,0.0,0.0,0.0,0.0,0.0,0.0,0.0,0.0
3843.5658846203555,7397.742406185572,0.0,0.0,0.0,0.0,0.0,0.0,0.0,0.0
3843.5658846203555,6897.886963100282,0.0,0.0,0.0,0.0,0.0,0.0,0.0,0.0
3843.5658846203555,6621.665220754509,0.0,0.0,0.0,0.0,0.0,0.0,0.0,0.0
3843.5658846203555,6568.044702455505,0.0,0.0,0.0,0.0,0.0,0.0,0.0,0.0
3843.5658846203555,6836.172057995663,0.0,0.0,0.0,0.0,0.0,0.0,0.0,0.0
3843.5658846203555,7843.957236301698,0.0,0.0,0.0,0.0,0.0,0.0,0.0,0.0
4913.907300960159,8638.30221915,0.0,0.0,0.0,0.0,0.0,0.0,0.0,0.0
5867.170075631755,8877.302219150002,0.0,0.0,0.0,0.0,0.0,0.0,0.0,0.0
6011.197204743686,8916.30221915,0.0,10.35,0.0,0.0,0.0,0.0,0.0,0.0
6049.916298147455,8930.30221915,0.0,25.75,0.0,0.0,0.0,0.0,0.0,0.0
6079.244938253109,8947.302219150002,0.0,68.6,0.0,0.0,0.0,0.0,0.0,0.0
6008.785391551223,8942.30221915,0.0,117.0,0.0,0.0,0.0,0.0,0.0,0.0
5836.5876580418035,8911.30221915,0.0,161.89999999999998,0.0,0.0,0.0,0.0,0.0,0.0
5759.518564638034,8896.30221915,0.0,184.85,0.0,0.0,0.0,0.0,0.0,0.0
5718.000226731128,8874.302219150002,0.0,136.15,0.0,0.0,0.0,0.0,0.0,0.0
5930.667809141175,8910.30221915,0.0,66.8,0.0,0.0,0.0,0.0,0.0,0.0
6916.6710371108875,9141.30221915,0.0,0.0,0.0,0.0,0.0,0.0,0.0,0.0
7594.278798061757,9310.302219150002,0.0,0.0,0.0,0.0,0.0,0.0,0.0,0.0
7507.06046015485,9288.30221915,0.0,0.0,0.0,0.0,0.0,0.0,0.0,0.0
7200.34589973224,9212.30221915,0.0,0.0,0.0,0.0,0.0,0.0,0.0,0.0
6707.154965694559,9088.30221915,0.0,0.0,0.0,0.0,0.0,0.0,0.0,0.0
5877.189924532384,8880.302219150002,0.0,0.0,0.0,0.0,0.0,0.0,0.0,0.0
4717.450776245714,8589.30221915,0.0,0.0,0.0,0.0,0.0,0.0,0.0,0.0
3843.5658846203555,8032.15147970586,0.0,0.0,0.0,0.0,0.0,0.0,0.0,0.0
3843.5658846203555,7001.103235653134,0.0,0.0,0.0,0.0,0.0,0.0,0.0,0.0
3843.5658846203555,6488.123972342088,0.0,0.0,0.0,0.0,0.0,0.0,0.0,0.0
3843.5658846203555,6274.609422453344,0.0,0.0,0.0,0.0,0.0,0.0,0.0,0.0
3843.5658846203555,6272.584658408191,0.0,0.0,0.0,0.0,0.0,0.0,0.0,0.0
3843.5658846203555,6618.640456709357,0.0,0.0,0.0,0.0,0.0,0.0,0.0,0.0
3843.5658846203555,7675.9889125764985,0.0,0.0,0.0,0.0,0.0,0.0,0.0,0.0
4838.728660854507,8619.30221915,0.0,0.0,0.0,0.0,0.0,0.0,0.0,0.0
5740.872342122335,8846.30221915,0.0,0.0,0.0,0.0,0.0,0.0,0.0,0.0
5804.670075631755,8878.30221915,0.0,65.5,0.0,0.0,0.0,0.0,0.0,0.0
5727.82962233364,8883.302219150002,0.0,163.39999999999998,0.0,0.0,0.0,0.0,0.0,0.0
5659.949471234267,8885.30221915,0.0,236.3,0.0,0.0,0.0,0.0,0.0,0.0
5588.340680029244,8870.30221915,0.0,248.75,0.0,0.0,0.0,0.0,0.0,0.0
5497.852493221707,8843.30221915,0.0,233.0,0.0,0.0,0.0,0.0,0.0,0.0
5515.022342122336,8846.30221915,0.0,228.85,0.0,0.0,0.0,0.0,0.0,0.0
5539.952493221706,8844.30221915,0.0,192.89999999999998,0.0,0.0,0.0,0.0,0.0,0.0
5767.279622333639,8884.30221915,0.0,124.95,0.0,0.0,0.0,0.0,0.0,0.0
6906.101188210259,9138.30221915,0.0,0.55,0.0,0.0,0.0,0.0,0.0,0.0
7718.556682670551,9342.302219150002,0.0,0.0,0.0,0.0,0.0,0.0,0.0,0.0
7675.477287068037,9330.30221915,0.0,0.0,0.0,0.0,0.0,0.0,0.0,0.0
7396.802424446684,9261.302219150002,0.0,0.0,0.0,0.0,0.0,0.0,0.0,0.0
6962.770281614027,9152.30221915,0.0,0.0,0.0,0.0,0.0,0.0,0.0,0.0
6177.904484954992,8956.30221915,0.0,0.0,0.0,0.0,0.0,0.0,0.0,0.0
5018.145487767695,8665.302219150002,0.0,0.0,0.0,0.0,0.0,0.0,0.0,0.0
3849.366641679772,8371.30221915,0.0,0.0,0.0,0.0,0.0,0.0,0.0,0.0
3843.5658846203555,7401.7795522533,0.0,0.0,0.0,0.0,0.0,0.0,0.0,0.0
3843.5658846203555,6864.504746502822,0.0,0.0,0.0,0.0,0.0,0.0,0.0,0.0
3843.5658846203555,6637.866376388319,0.0,0.0,0.0,0.0,0.0,0.0,0.0,0.0
3843.5658846203555,6638.878758410897,0.0,0.0,0.0,0.0,0.0,0.0,0.0,0.0
3843.5658846203555,6991.9964668249395,0.0,0.0,0.0,0.0,0.0,0.0,0.0,0.0
3843.5658846203555,8100.953058968507,0.0,0.0,0.0,0.0,0.0,0.0,0.0,0.0
5199.582163581511,8710.30221915,0.0,0.0,0.0,0.0,0.0,0.0,0.0,0.0
6008.507506942432,8913.30221915,0.0,0.0,0.0,0.0,0.0,0.0,0.0,0.0
6017.665542650595,8941.302219150002,0.0,105.1,0.0,0.0,0.0,0.0,0.0,0.0
5874.066298147456,8931.30221915,0.0,206.6,0.0,0.0,0.0,0.0,0.0,0.0
5741.707506942432,8913.30221915,0.0,268.8,0.0,0.0,0.0,0.0,0.0,0.0
5588.52962233364,8882.30221915,0.0,298.70000000000005,0.0,0.0,0.0,0.0,0.0,0.0
5426.262795420451,8839.30221915,0.0,286.55,0.0,0.0,0.0,0.0,0.0,0.0
5440.003248718567,8833.30221915,0.0,249.75,0.0,0.0,0.0,0.0,0.0,0.0
5533.252493221708,8843.30221915,0.0,196.6,0.0,0.0,0.0,0.0,0.0,0.0
5894.547960240547,8907.30221915,0.0,92.89999999999999,0.0,0.0,0.0,0.0,0.0,0.0
6975.809979415284,9155.30221915,0.0,0.0,0.0,0.0,0.0,0.0,0.0,0.0
7678.477287068037,9332.30221915,0.0,0.0,0.0,0.0,0.0,0.0,0.0,0.0
7598.278798061759,9312.30221915,0.0,0.0,0.0,0.0,0.0,0.0,0.0,0.0
7341.663482142288,9247.30221915,0.0,0.0,0.0,0.0,0.0,0.0,0.0,0.0
6968.790130514655,9153.302219150002,0.0,0.0,0.0,0.0,0.0,0.0,0.0,0.0
6199.964031656876,8961.30221915,0.0,0.0,0.0,0.0,0.0,0.0,0.0,0.0
5044.224883370209,8671.30221915,0.0,0.0,0.0,0.0,0.0,0.0,0.0,0.0
3915.545281785425,8388.30221915,0.0,0.0,0.0,0.0,0.0,0.0,0.0,0.0
3843.5658846203555,7452.37530650715,0.0,0.0,0.0,0.0,0.0,0.0,0.0,0.0
3843.5658846203555,6879.673425443895,0.0,0.0,0.0,0.0,0.0,0.0,0.0,0.0
3843.5658846203555,6603.45168309812,0.0,0.0,0.0,0.0,0.0,0.0,0.0,0.0
3843.5658846203555,6600.414537030392,0.0,0.0,0.0,0.0,0.0,0.0,0.0,0.0
3843.5658846203555,6860.467600435095,0.0,0.0,0.0,0.0,0.0,0.0,0.0,0.0
3843.5658846203555,7814.599783749387,0.0,0.0,0.0,0.0,0.0,0.0,0.0,0.0
4809.649265251995,8612.30221915,0.0,0.0,0.0,0.0,0.0,0.0,0.0,0.0
5834.090680029243,8869.30221915,0.0,0.0,0.0,0.0,0.0,0.0,0.0,0.0
6175.904484954993,8955.30221915,0.0,0.0,0.0,0.0,0.0,0.0,0.0,0.0
6322.001462967553,8997.30221915,0.0,22.3,0.0,0.0,0.0,0.0,0.0,0.0
6379.3102541725775,9013.30221915,0.0,29.15,0.0,0.0,0.0,0.0,0.0,0.0
6330.941160768808,9001.30221915,0.0,29.4,0.0,0.0,0.0,0.0,0.0,0.0
6121.05524045185,8945.30221915,0.0,15.75,0.0,0.0,0.0,0.0,0.0,0.0
5950.9582624392915,8902.30221915,0.0,14.45,0.0,0.0,0.0,0.0,0.0,0.0
5649.452493221707,8843.30221915,0.0,82.4,0.0,0.0,0.0,0.0,0.0,0.0
5529.213550917311,8828.30221915,0.0,142.5,0.0,0.0,0.0,0.0,0.0,0.0
6505.678592079485,9037.302219150002,0.0,0.0,0.0,0.0,0.0,0.0,0.0,0.0
7116.14741072596,9191.302219150002,0.0,0.0,0.0,0.0,0.0,0.0,0.0,0.0
6912.671037110887,9139.30221915,0.0,0.0,0.0,0.0,0.0,0.0,0.0,0.0
6554.797685483254,9050.30221915,0.0,0.0,0.0,0.0,0.0,0.0,0.0,0.0
6129.785391551223,8943.30221915,0.0,0.0,0.0,0.0,0.0,0.0,0.0,0.0
5531.3761196066325,8793.302219150002,0.0,0.0,0.0,0.0,0.0,0.0,0.0,0.0
4653.291985040691,8573.30221915,0.0,0.0,0.0,0.0,0.0,0.0,0.0,0.0
3843.5658846203555,8113.084591841853,0.0,0.0,0.0,0.0,0.0,0.0,0.0,0.0
3843.5658846203555,7171.083941400908,0.0,0.0,0.0,0.0,0.0,0.0,0.0,0.0
3843.5658846203555,6607.488829165848,0.0,0.0,0.0,0.0,0.0,0.0,0.0,0.0
3843.5658846203555,6296.86010617746,0.0,0.0,0.0,0.0,0.0,0.0,0.0,0.0
3843.5658846203555,6209.8573712809975,0.0,0.0,0.0,0.0,0.0,0.0,0.0,0.0
3843.5658846203555,6306.991639050804,0.0,0.0,0.0,0.0,0.0,0.0,0.0,0.0
3843.5658846203555,6664.16658820274,0.0,0.0,0.0,0.0,0.0,0.0,0.0,0.0
3843.5658846203555,7450.362924484572,0.0,0.0,0.0,0.0,0.0,0.0,0.0,0.0
3843.5658846203555,8345.825061409561,0.0,0.0,0.0,0.0,0.0,0.0,0.0,0.0
4581.332438338806,8567.30221915,0.0,48.9,0.0,0.0,0.0,0.0,0.0,0.0
5019.882919078374,8700.30221915,0.0,139.6,0.0,0.0,0.0,0.0,0.0,0.0
5127.649745991562,8743.30221915,0.0,205.25,0.0,0.0,0.0,0.0,0.0,0.0
5148.398990494701,8754.30221915,0.0,224.6,0.0,0.0,0.0,0.0,0.0,0.0
5048.670350389048,8734.30221915,0.0,248.15,0.0,0.0,0.0,0.0,0.0,0.0
4965.70201248214,8712.30221915,0.0,243.9,0.0,0.0,0.0,0.0,0.0,0.0
4993.412314680884,8709.30221915,0.0,201.15,0.0,0.0,0.0,0.0,0.0,0.0
5252.068839395329,8756.30221915,0.0,131.95000000000002,0.0,0.0,0.0,0.0,0.0,0.0
6359.911009669437,9003.30221915,0.0,10.45,0.0,0.0,0.0,0.0,0.0,0.0
7153.226806328473,9200.30221915,0.0,0.0,0.0,0.0,0.0,0.0,0.0,0.0
7115.14741072596,9190.30221915,0.0,0.0,0.0,0.0,0.0,0.0,0.0,0.0
6841.492397005235,9121.30221915,0.0,0.0,0.0,0.0,0.0,0.0,0.0,0.0
6511.698440980113,9039.30221915,0.0,0.0,0.0,0.0,0.0,0.0,0.0,0.0
6031.567053644316,8918.302219150002,0.0,0.0,0.0,0.0,0.0,0.0,0.0,0.0
5242.6814080846525,8721.30221915,0.0,0.0,0.0,0.0,0.0,0.0,0.0,0.0
4307.458331214312,8486.30221915,0.0,0.0,0.0,0.0,0.0,0.0,0.0,0.0
3843.5658846203555,7982.5681074745835,0.0,0.0,0.0,0.0,0.0,0.0,0.0,0.0
3843.5658846203555,7362.315330872794,0.0,0.0,0.0,0.0,0.0,0.0,0.0,0.0
3843.5658846203555,7033.473070228019,0.0,0.0,0.0,0.0,0.0,0.0,0.0,0.0
3843.5658846203555,6879.673425443895,0.0,0.0,0.0,0.0,0.0,0.0,0.0,0.0
3843.5658846203555,6906.993731928477,0.0,0.0,0.0,0.0,0.0,0.0,0.0,0.0
3843.5658846203555,7200.4290119306415,0.0,0.0,0.0,0.0,0.0,0.0,0.0,0.0
3843.5658846203555,7796.386246092998,0.0,0.0,0.0,0.0,0.0,0.0,0.0,0.0
3899.4857350835387,8384.30221915,0.0,0.0,0.0,0.0,0.0,0.0,0.0,0.0
4452.3736471337825,8551.30221915,0.0,113.69999999999999,0.0,0.0,0.0,0.0,0.0,0.0
4779.575638867067,8661.30221915,0.0,222.55,0.0,0.0,0.0,0.0,0.0,0.0
4875.113070177746,8697.302219150002,0.0,274.34999999999997,0.0,0.0,0.0,0.0,0.0,0.0
4980.281408084653,8721.30221915,0.0,264.40000000000003,0.0,0.0,0.0,0.0,0.0,0.0
5054.360803687165,8730.30221915,0.0,225.39999999999998,0.0,0.0,0.0,0.0,0.0,0.0
4986.852012482141,8711.30221915,0.0,218.75,0.0,0.0,0.0,0.0,0.0,0.0
4930.933674575232,8690.30221915,0.0,187.45000000000002,0.0,0.0,0.0,0.0,0.0,0.0
5063.6924657802565,8707.30221915,0.0,123.85000000000001,0.0,0.0,0.0,0.0,0.0,0.0
6165.824333855621,8956.30221915,0.0,17.1,0.0,0.0,0.0,0.0,0.0,0.0
7023.929072819052,9167.30221915,0.0,0.0,0.0,0.0,0.0,0.0,0.0,0.0
7013.889375017795,9165.302219150002,0.0,0.0,0.0,0.0,0.0,0.0,0.0,0.0
6778.3336058002105,9106.30221915,0.0,0.0,0.0,0.0,0.0,0.0,0.0,0.0
6466.599196476973,9027.30221915,0.0,0.0,0.0,0.0,0.0,0.0,0.0,0.0
5882.209773433011,8881.30221915,0.0,0.0,0.0,0.0,0.0,0.0,0.0,0.0
5047.224883370209,8671.30221915,0.0,0.0,0.0,0.0,0.0,0.0,0.0,0.0
4059.8628641954715,8424.30221915,0.0,0.0,0.0,0.0,0.0,0.0,0.0,0.0
5654.654004215426,8612.832527976572,0.0,0.0,0.0,0.0,0.0,0.0,0.0,0.0
5654.654004215426,7925.802936157284,0.0,0.0,0.0,0.0,0.0,0.0,0.0,0.0
5654.654004215426,7485.682492846782,0.0,0.0,0.0,0.0,0.0,0.0,0.0,0.0
5654.654004215426,7253.974499971813,0.0,0.0,0.0,0.0,0.0,0.0,0.0,0.0
5654.654004215426,7343.001998913425,0.0,0.0,0.0,0.0,0.0,0.0,0.0,0.0
5654.654004215426,7922.983691789247,0.0,15.8,0.0,0.0,0.0,0.0,0.0,0.0
6045.436147048083,8932.30221915,0.0,40.25,0.0,0.0,0.0,0.0,0.0,0.0
7478.80894916113,9308.30221915,0.0,107.45,0.0,0.0,0.0,0.0,0.0,0.0
8701.41681761589,9466.302219148049,0.0,182.95,0.0,0.0,0.0,0.0,0.0,0.0
9807.847786913788,9466.302219148049,0.0,244.9,0.0,0.0,0.0,0.0,0.0,0.0
10788.611248449153,9466.302219148049,0.0,291.54999999999995,0.0,0.0,0.0,0.0,0.0,0.0
11542.63097340399,9466.302219148049,59.653847000000034,304.25,0.0,0.0,0.0,0.0,0.0,0.0
12122.365458752052,9466.302219148049,119.65384700000008,299.95,0.0,0.0,0.0,0.0,0.0,0.0
12629.357864014823,9466.302219148049,172.653847,288.6,0.0,0.0,0.0,0.0,0.0,0.0
12763.276560600805,9466.302219148049,184.65384700000004,259.40000000000003,0.0,0.0,0.0,0.0,0.0,0.0
12853.516485351844,9466.302219148049,188.65384700000004,210.04999999999998,0.0,0.0,0.0,0.0,0.0,0.0
12869.747164998294,9466.302219148049,188.65384700000004,150.85000000000002,0.0,0.0,0.0,0.0,0.0,0.0
12789.530169847008,9466.302219148049,168.653847,84.55,0.0,0.0,0.0,0.0,0.0,0.0
12368.114381084923,9466.302219148049,118.6538470000002,35.25,0.0,0.0,0.0,0.0,0.0,0.0
11746.554319194744,9466.302219148049,89.42192347800001,0.0,0.0,0.0,0.0,0.0,0.0,0.0
11477.698699272203,9466.302219148049,89.42192347800001,0.0,0.0,0.0,0.0,0.0,0.0,0.0
10646.153294619407,9466.302219148049,89.42192347800001,0.0,0.0,0.0,0.0,0.0,0.0,0.0
8727.222102026093,9466.302219148049,89.42192347800001,0.0,0.0,0.0,0.0,0.0,0.0,0.0
7086.089502679273,9206.30221915,89.42192347800001,0.0,0.0,0.0,0.0,0.0,0.0,0.0
6023.0416732192025,8921.609844113498,89.42192347800001,0.0,0.0,0.0,0.0,0.0,0.0,0.0
6023.0416732192025,8038.279240061857,89.42192347800001,0.0,0.0,0.0,0.0,0.0,0.0,0.0
6023.0416732192025,7467.622217713919,89.42192347800001,0.0,0.0,0.0,0.0,0.0,0.0,0.0
6023.0416732192025,7111.47974525472,89.42192347800001,0.0,0.0,0.0,0.0,0.0,0.0,0.0
6023.0416732192025,7143.8294851594455,89.42192347800001,0.0,0.0,0.0,0.0,0.0,0.0,0.0
6023.0416732192025,7671.051184455456,89.42192347800001,12.95,0.0,0.0,0.0,0.0,0.0,0.0
6167.025217013958,8987.30221915,89.42192347800001,48.0,0.0,0.0,0.0,0.0,0.0,0.0
7648.027414729516,9373.30221915,89.42192347800001,106.64999999999999,0.0,0.0,0.0,0.0,0.0,0.0
9022.761015466032,9466.302219148049,89.42192347800001,181.2,0.0,0.0,0.0,0.0,0.0,0.0
10327.440192745875,9466.302219148049,89.42192347800001,239.75,0.0,0.0,0.0,0.0,0.0,0.0
11465.904319194742,9466.302219148049,89.42192347800001,281.65000000000003,0.0,0.0,0.0,0.0,0.0,0.0
12228.658616504466,9466.302219148049,129.65384699999987,285.4,0.0,0.0,0.0,0.0,0.0,0.0
12749.688791184026,9466.302219148049,183.65384700000016,267.0,0.0,0.0,0.0,0.0,0.0,0.0
13188.4157328622,9466.302219148049,231.65384700000018,282.05,0.0,0.0,0.0,0.0,0.0,0.0
13480.820744953013,9466.302219148049,261.653847,276.84999999999997,0.0,0.0,0.0,0.0,0.0,0.0
13681.668816002359,9466.302219148049,278.8558470000274,228.5,0.0,0.0,0.0,0.0,0.0,0.0
13681.668816002359,9466.302219148049,278.8558470000274,171.95,0.0,0.0,0.0,0.0,0.0,0.0
13681.668816002359,9466.302219148049,278.8558470000274,82.10000000000001,0.0,0.0,0.0,0.0,0.0,0.0
13405.651346944729,9466.302219148049,228.65384700000007,31.9,0.0,0.0,0.0,0.0,0.0,0.0
12799.288089761718,9466.302219148049,159.65384700000013,0.0,0.0,0.0,0.0,0.0,0.0,0.0
12423.546056178091,9466.302219148049,132.17767147801297,0.0,0.0,0.0,0.0,0.0,0.0,0.0
11624.974584144653,9466.302219148049,132.17767147801297,0.0,0.0,0.0,0.0,0.0,0.0,0.0
9815.004887210665,9466.302219148049,132.17767147801297,0.0,0.0,0.0,0.0,0.0,0.0,0.0
8030.827270360039,9454.30221915,132.17767147801297,0.0,0.0,0.0,0.0,0.0,0.0,0.0
7018.425553384049,9200.30221915,132.17767147801297,0.0,0.0,0.0,0.0,0.0,0.0,0.0
6403.021005889104,9029.05609122797,132.17767147801297,0.0,0.0,0.0,0.0,0.0,0.0,0.0
6403.021005889104,8526.175884097529,132.17767147801297,0.0,0.0,0.0,0.0,0.0,0.0,0.0
6403.021005889104,8223.653929937338,132.17767147801297,0.0,0.0,0.0,0.0,0.0,0.0,0.0
6403.021005889104,8207.452774303525,132.17767147801297,0.0,0.0,0.0,0.0,0.0,0.0,0.0
6403.021005889104,8723.78061093666,132.17767147801297,2.7,0.0,0.0,0.0,0.0,0.0,0.0
7184.621775899748,9252.302219150002,132.17767147801297,41.300000000000004,0.0,0.0,0.0,0.0,0.0,0.0
8884.647251974651,9466.302219148049,132.17767147801297,101.8,0.0,0.0,0.0,0.0,0.0,0.0
10209.937053623506,9466.302219148049,132.17767147801297,160.75,0.0,0.0,0.0,0.0,0.0,0.0
11275.121235349821,9466.302219148049,132.17767147801297,209.95,0.0,0.0,0.0,0.0,0.0,0.0
12372.06508250723,9466.302219148049,141.6538469999999,251.7,0.0,0.0,0.0,0.0,0.0,0.0
13147.512499860817,9466.302219148049,225.65384699999996,266.1,0.0,0.0,0.0,0.0,0.0,0.0
13640.104905123591,9466.302219148049,278.65384699999987,270.15,0.0,0.0,0.0,0.0,0.0,0.0
13681.668816002359,9466.302219148049,278.8558470000274,235.8,0.0,0.0,0.0,0.0,0.0,0.0
13268.625808111163,9466.302219148049,226.65384699999984,158.95000000000002,0.0,0.0,0.0,0.0,0.0,0.0
12383.167614086304,9466.302219148049,124.65384699999998,74.05000000000001,0.0,0.0,0.0,0.0,0.0,0.0
11662.773429734096,9466.302219148049,45.6538469999998,60.449999999999996,0.0,0.0,0.0,0.0,0.0,0.0
11348.979570559373,9466.302219148049,12.653847000000104,59.1,0.0,0.0,0.0,0.0,0.0,0.0
10881.818730400144,9466.302219148049,0.0,10.45,0.0,0.0,0.0,0.0,0.0,0.0
10386.531423174414,9466.302219148049,0.0,0.0,0.0,0.0,0.0,0.0,0.0,0.0
10236.620456062172,9466.302219148049,0.0,0.0,0.0,0.0,0.0,0.0,0.0,0.0
9598.987418359015,9466.302219148049,0.0,0.0,0.0,0.0,0.0,0.0,0.0,0.0
8035.3307897950435,9421.30221915,0.0,0.0,0.0,0.0,0.0,0.0,0.0,0.0
6689.135116793929,9083.30221915,0.0,0.0,0.0,0.0,0.0,0.0,0.0,0.0
5654.654004215426,8824.30221915,0.0,0.0,0.0,0.0,0.0,0.0,0.0,0.0
5654.654004215426,7886.358809446947,0.0,0.0,0.0,0.0,0.0,0.0,0.0,0.0
5654.654004215426,7288.369098591848,0.0,0.0,0.0,0.0,0.0,0.0,0.0,0.0
5654.654004215426,6923.087380611719,0.0,0.0,0.0,0.0,0.0,0.0,0.0,0.0
5654.654004215426,6901.849078910179,0.0,0.0,0.0,0.0,0.0,0.0,0.0,0.0
5654.654004215426,7341.794853133923,0.0,6.2,0.0,0.0,0.0,0.0,0.0,0.0
5654.654004215426,8389.321577279694,0.0,42.9,0.0,0.0,0.0,0.0,0.0,0.0
6289.770556371321,9008.302219150002,0.0,99.65,0.0,0.0,0.0,0.0,0.0,0.0
6846.269526117167,9161.30221915,0.0,150.60000000000002,0.0,0.0,0.0,0.0,0.0,0.0
7209.81197114857,9267.30221915,0.0,209.05,0.0,0.0,0.0,0.0,0.0,0.0
7572.284567279343,9370.30221915,0.0,258.55,0.0,0.0,0.0,0.0,0.0,0.0
7849.8594299006945,9442.30221915,0.0,265.65,0.0,0.0,0.0,0.0,0.0,0.0
8019.043875734666,9466.302219148049,0.0,288.65000000000003,0.0,0.0,0.0,0.0,0.0,0.0
8358.731046593975,9466.302219148049,0.0,259.79999999999995,0.0,0.0,0.0,0.0,0.0,0.0
8482.180311670081,9466.302219148049,0.0,247.29999999999998,0.0,0.0,0.0,0.0,0.0,0.0
8646.245891048135,9466.302219148049,0.0,222.14999999999998,0.0,0.0,0.0,0.0,0.0,0.0
8848.369088743595,9466.302219148049,0.0,163.95000000000002,0.0,0.0,0.0,0.0,0.0,0.0
8874.092150072642,9466.302219148049,0.0,87.25,0.0,0.0,0.0,0.0,0.0,0.0
8399.146146862373,9466.302219148049,0.0,35.5,0.0,0.0,0.0,0.0,0.0,0.0
7881.85366068311,9382.30221915,0.0,0.1,0.0,0.0,0.0,0.0,0.0,0.0
7797.75517167683,9362.30221915,0.0,0.0,0.0,0.0,0.0,0.0,0.0,0.0
7324.64363324166,9242.30221915,0.0,0.0,0.0,0.0,0.0,0.0,0.0,0.0
6174.904484954994,8954.30221915,0.0,0.0,0.0,0.0,0.0,0.0,0.0,0.0
5654.654004215426,7952.123242641866,0.0,0.0,0.0,0.0,0.0,0.0,0.0,0.0
5654.654004215426,6805.714811140372,0.0,0.0,0.0,0.0,0.0,0.0,0.0,0.0
5654.654004215426,6138.935903045202,0.0,0.0,0.0,0.0,0.0,0.0,0.0,0.0
5654.654004215426,5715.996520698343,0.0,0.0,0.0,0.0,0.0,0.0,0.0,0.0
5654.654004215426,5524.765131226455,0.0,0.0,0.0,0.0,0.0,0.0,0.0,0.0
5654.654004215426,5639.100554630075,0.0,0.0,0.0,0.0,0.0,0.0,0.0,0.0
5654.654004215426,6210.681102820909,0.0,2.1,0.0,0.0,0.0,0.0,0.0,0.0
5654.654004215426,7341.069134320557,0.0,19.900000000000002,0.0,0.0,0.0,0.0,0.0,0.0
5654.654004215426,8648.76363310669,0.0,67.45,0.0,0.0,0.0,0.0,0.0,0.0
6153.14267176253,8980.30221915,0.0,123.0,0.0,0.0,0.0,0.0,0.0,0.0
6483.316023390162,9072.302219150002,0.0,160.70000000000002,0.0,0.0,0.0,0.0,0.0,0.0
6697.541641508376,9133.302219150002,0.0,189.04999999999998,0.0,0.0,0.0,0.0,0.0,0.0
6718.440886011515,9143.30221915,0.0,210.25,0.0,0.0,0.0,0.0,0.0,0.0
6645.00194370712,9128.30221915,0.0,221.54999999999998,0.0,0.0,0.0,0.0,0.0,0.0
6641.262245905863,9125.30221915,0.0,211.25,0.0,0.0,0.0,0.0,0.0,0.0
6527.6145123964425,9093.30221915,0.0,200.6,0.0,0.0,0.0,0.0,0.0,0.0
6365.227836582625,9047.302219150002,0.0,180.54999999999998,0.0,0.0,0.0,0.0,0.0,0.0
6313.459498675717,9022.30221915,0.0,134.1,0.0,0.0,0.0,0.0,0.0,0.0
6241.141916265669,8990.30221915,0.0,76.1,0.0,0.0,0.0,0.0,0.0,0.0
5996.897204743687,8916.30221915,0.0,24.65,0.0,0.0,0.0,0.0,0.0,0.0
5774.201737724847,8855.30221915,0.0,1.75,0.0,0.0,0.0,0.0,0.0,0.0
5875.189924532383,8880.302219150002,0.0,0.0,0.0,0.0,0.0,0.0,0.0,0.0
5654.654004215426,8734.26233818581,0.0,0.0,0.0,0.0,0.0,0.0,0.0,0.0
5654.654004215426,7613.161831146321,0.0,0.0,0.0,0.0,0.0,0.0,0.0,0.0
5654.654004215426,6354.46283495652,0.0,0.0,0.0,0.0,0.0,0.0,0.0,0.0
5654.654004215426,5366.915958352029,0.0,0.0,0.0,0.0,0.0,0.0,0.0,0.0
5654.654004215426,4724.412498026123,0.0,0.0,0.0,0.0,0.0,0.0,0.0,0.0
5654.654004215426,4331.830568231578,0.0,0.0,0.0,0.0,0.0,0.0,0.0,0.0
5654.654004215426,4115.311348967845,0.0,0.0,0.0,0.0,0.0,0.0,0.0,0.0
5654.654004215426,4082.909037700221,0.0,0.0,0.0,0.0,0.0,0.0,0.0,0.0
5654.654004215426,4108.2747588193815,0.0,47.9,0.0,0.0,0.0,0.0,0.0,0.0
5654.654004215426,4614.609446849154,0.0,42.5,0.0,0.0,0.0,0.0,0.0,0.0
5654.654004215426,5585.953006625886,0.0,110.45,0.0,0.0,0.0,0.0,0.0,0.0
5654.654004215426,6742.07651824777,0.0,196.8,0.0,0.0,0.0,0.0,0.0,0.0
5654.654004215426,7620.659147621933,0.0,263.45000000000005,0.0,0.0,0.0,0.0,0.0,0.0
5654.654004215426,8170.054521393395,0.0,313.45,0.0,0.0,0.0,0.0,0.0,0.0
5654.654004215426,8501.064064636732,0.0,331.3,0.0,0.0,0.0,0.0,0.0,0.0
5654.654004215426,8683.201067303002,0.0,326.29999999999995,0.0,0.0,0.0,0.0,0.0,0.0
5654.654004215426,8781.390623548925,0.0,316.25,0.0,0.0,0.0,0.0,0.0,0.0
5654.654004215426,8886.62861687433,0.0,293.25,0.0,0.0,0.0,0.0,0.0,0.0
5793.017053644316,8920.30221915,0.0,243.54999999999998,0.0,0.0,0.0,0.0,0.0,0.0
6014.944182756248,8958.30221915,0.0,175.0,0.0,0.0,0.0,0.0,0.0,0.0
6176.722822861901,8976.302219150002,0.0,87.4,0.0,0.0,0.0,0.0,0.0,0.0
6075.715542650596,8938.302219150002,0.0,36.05,0.0,0.0,0.0,0.0,0.0,0.0
5737.972342122335,8846.30221915,0.0,1.9,0.0,0.0,0.0,0.0,0.0,0.0
5699.773097619194,8836.30221915,0.0,0.0,0.0,0.0,0.0,0.0,0.0,0.0
5654.654004215426,8563.269250415462,0.0,0.0,0.0,0.0,0.0,0.0,0.0,0.0
5654.654004215426,7530.1962423175855,0.0,0.0,0.0,0.0,0.0,0.0,0.0,0.0
5654.654004215426,6386.824956883818,0.0,0.0,0.0,0.0,0.0,0.0,0.0,0.0
5654.654004215426,5413.454471867987,0.0,0.0,0.0,0.0,0.0,0.0,0.0,0.0
5654.654004215426,4788.1521671758965,0.0,0.0,0.0,0.0,0.0,0.0,0.0,0.0
5654.654004215426,4393.557855358774,0.0,0.0,0.0,0.0,0.0,0.0,0.0,0.0
5654.654004215426,4148.673470895143,0.0,0.0,0.0,0.0,0.0,0.0,0.0,0.0
5654.654004215426,4051.539203125335,0.0,0.0,0.0,0.0,0.0,0.0,0.0,0.0
5654.654004215426,3879.842999392821,0.0,74.64999999999999,0.0,0.0,0.0,0.0,0.0,0.0
5654.654004215426,4210.027746814485,0.0,40.349999999999994,0.0,0.0,0.0,0.0,0.0,0.0
5654.654004215426,5032.902092720791,0.0,110.05,0.0,0.0,0.0,0.0,0.0,0.0
5654.654004215426,6168.281111629848,0.0,194.89999999999998,0.0,0.0,0.0,0.0,0.0,0.0
5654.654004215426,7213.2045408455,0.0,257.15,0.0,0.0,0.0,0.0,0.0,0.0
5654.654004215426,8075.354639852755,0.0,305.05,0.0,0.0,0.0,0.0,0.0,0.0
5654.654004215426,8798.08558817145,0.0,319.75,0.0,0.0,0.0,0.0,0.0,0.0
5985.802218464412,8987.30221915,0.0,318.40000000000003,0.0,0.0,0.0,0.0,0.0,0.0
6228.3778365826265,9047.302219150002,0.0,314.40000000000003,0.0,0.0,0.0,0.0,0.0,0.0
6471.643907998953,9102.30221915,0.0,291.65000000000003,0.0,0.0,0.0,0.0,0.0,0.0
6747.829828315911,9158.30221915,0.0,239.0,0.0,0.0,0.0,0.0,0.0,0.0
7111.04438873852,9232.30221915,0.0,172.5,0.0,0.0,0.0,0.0,0.0,0.0
7382.56121565171,9279.30221915,0.0,85.4,0.0,0.0,0.0,0.0,0.0,0.0
7292.293633241661,9243.30221915,0.0,33.349999999999994,0.0,0.0,0.0,0.0,0.0,0.0
6971.790130514655,9155.30221915,0.0,0.0,0.0,0.0,0.0,0.0,0.0,0.0
6979.809979415283,9157.30221915,0.0,0.0,0.0,0.0,0.0,0.0,0.0,0.0
6658.055721191418,9076.302219150002,0.0,0.0,0.0,0.0,0.0,0.0,0.0,0.0
5681.733399817938,8831.30221915,0.0,0.0,0.0,0.0,0.0,0.0,0.0,0.0
5654.654004215426,7518.052327421665,0.0,0.0,0.0,0.0,0.0,0.0,0.0,0.0
3721.5979167691407,7153.926484165539,0.0,0.0,0.0,0.0,0.0,0.0,0.0,0.0
3721.5979167691407,6774.488469266912,0.0,0.0,0.0,0.0,0.0,0.0,0.0,0.0
3721.5979167691407,6616.65167841506,0.0,0.0,0.0,0.0,0.0,0.0,0.0,0.0
3721.5979167691407,6623.7135885279395,0.0,0.0,0.0,0.0,0.0,0.0,0.0,0.0
3721.5979167691407,7007.221226187032,0.0,0.0,0.0,0.0,0.0,0.0,0.0,0.0
3721.5979167691407,8102.0091393895245,0.0,0.0,0.0,0.0,0.0,0.0,0.0,0.0
5060.264581171464,8675.30221915,0.0,0.0,0.0,0.0,0.0,0.0,0.0,0.0
5832.090680029244,8868.30221915,0.0,0.0,0.0,0.0,0.0,0.0,0.0,0.0
5759.649471234267,8885.30221915,0.0,138.6,0.0,0.0,0.0,0.0,0.0,0.0
5683.139169035522,8890.302219150002,0.0,235.15,0.0,0.0,0.0,0.0,0.0,0.0
5604.999471234267,8886.302219150002,0.0,297.25,0.0,0.0,0.0,0.0,0.0,0.0
5530.390680029244,8869.30221915,0.0,303.70000000000005,0.0,0.0,0.0,0.0,0.0,0.0
5435.952493221707,8846.30221915,0.0,302.9,0.0,0.0,0.0,0.0,0.0,0.0
5368.154004215426,8824.30221915,0.0,286.5,0.0,0.0,0.0,0.0,0.0,0.0
5301.626119606633,8795.30221915,0.0,234.75,0.0,0.0,0.0,0.0,0.0,0.0
5511.373853116055,8826.302219150002,0.0,147.29999999999998,0.0,0.0,0.0,0.0,0.0,0.0
6608.18662778765,9063.302219150002,0.0,0.75,0.0,0.0,0.0,0.0,0.0,0.0
7547.159704657988,9298.30221915,0.0,0.0,0.0,0.0,0.0,0.0,0.0,0.0
7530.120006856734,9294.302219150002,0.0,0.0,0.0,0.0,0.0,0.0,0.0,0.0
7244.445144235379,9222.30221915,0.0,0.0,0.0,0.0,0.0,0.0,0.0,0.0
6728.214512396442,9093.30221915,0.0,0.0,0.0,0.0,0.0,0.0,0.0,0.0
5877.189924532384,8880.302219150002,0.0,0.0,0.0,0.0,0.0,0.0,0.0,0.0
4759.550020748855,8600.30221915,0.0,0.0,0.0,0.0,0.0,0.0,0.0,0.0
3755.1483037728635,8348.302219150002,0.0,0.0,0.0,0.0,0.0,0.0,0.0,0.0
3721.5979167691407,7597.104168213934,0.0,0.0,0.0,0.0,0.0,0.0,0.0,0.0
3721.5979167691407,7185.296318740424,0.0,0.0,0.0,0.0,0.0,0.0,0.0,0.0
3721.5979167691407,6990.027783200806,0.0,0.0,0.0,0.0,0.0,0.0,0.0,0.0
3721.5979167691407,6979.876155657297,0.0,0.0,0.0,0.0,0.0,0.0,0.0,0.0
3721.5979167691407,7309.750892994814,0.0,0.0,0.0,0.0,0.0,0.0,0.0,0.0
3736.108605971608,8343.30221915,0.0,0.0,0.0,0.0,0.0,0.0,0.0,0.0
5254.721105885908,8723.302219150002,0.0,0.0,0.0,0.0,0.0,0.0,0.0,0.0
6063.646449246828,8927.30221915,0.0,0.0,0.0,0.0,0.0,0.0,0.0,0.0
6207.652973961273,8976.302219150002,0.0,51.45,0.0,0.0,0.0,0.0,0.0,0.0
6223.951462967553,8997.30221915,0.0,121.35,0.0,0.0,0.0,0.0,0.0,0.0
6272.889649775089,9021.30221915,0.0,167.65,0.0,0.0,0.0,0.0,0.0,0.0
6292.969045377603,9031.302219150002,0.0,184.65,0.0,0.0,0.0,0.0,0.0,0.0
6300.079347576346,9026.30221915,0.0,160.5,0.0,0.0,0.0,0.0,0.0,0.0
6310.659498675717,9023.30221915,0.0,139.9,0.0,0.0,0.0,0.0,0.0,0.0
6236.030858570066,9006.30221915,0.0,144.35,0.0,0.0,0.0,0.0,0.0,0.0
6451.907987681997,9046.30221915,0.0,85.85,0.0,0.0,0.0,0.0,0.0,0.0
7388.782575546056,9259.30221915,0.0,0.0,0.0,0.0,0.0,0.0,0.0,0.0
7952.132300788761,9400.30221915,0.0,0.0,0.0,0.0,0.0,0.0,0.0,0.0
7845.874265080598,9373.30221915,0.0,0.0,0.0,0.0,0.0,0.0,0.0,0.0
7479.0009134529655,9282.30221915,0.0,0.0,0.0,0.0,0.0,0.0,0.0,0.0
6901.631339309632,9137.302219150002,0.0,0.0,0.0,0.0,0.0,0.0,0.0,0.0
5978.447960240548,8905.30221915,0.0,0.0,0.0,0.0,0.0,0.0,0.0,0.0
4823.6889630532505,8616.30221915,0.0,0.0,0.0,0.0,0.0,0.0,0.0,0.0
3791.247548276004,8356.30221915,0.0,0.0,0.0,0.0,0.0,0.0,0.0,0.0
3721.5979167691407,7576.865866512392,0.0,0.0,0.0,0.0,0.0,0.0,0.0,0.0
3721.5979167691407,7124.581413635804,0.0,0.0,0.0,0.0,0.0,0.0,0.0,0.0
3721.5979167691407,6939.4119342767935,0.0,0.0,0.0,0.0,0.0,0.0,0.0,0.0
3721.5979167691407,6937.387170231642,0.0,0.0,0.0,0.0,0.0,0.0,0.0,0.0
3721.5979167691407,7274.323817682038,0.0,0.0,0.0,0.0,0.0,0.0,0.0,0.0
3722.0689081703513,8340.30221915,0.0,0.0,0.0,0.0,0.0,0.0,0.0,0.0
5264.740954786536,8726.302219150002,0.0,0.0,0.0,0.0,0.0,0.0,0.0,0.0
6078.666298147456,8931.30221915,0.0,0.0,0.0,0.0,0.0,0.0,0.0,0.0
6069.7846360543645,8953.30221915,0.0,99.1,0.0,0.0,0.0,0.0,0.0,0.0
6004.844182756248,8958.30221915,0.0,185.1,0.0,0.0,0.0,0.0,0.0,0.0
5994.823578358761,8966.30221915,0.0,230.2,0.0,0.0,0.0,0.0,0.0,0.0
5879.235391551223,8943.30221915,0.0,250.54999999999998,0.0,0.0,0.0,0.0,0.0,0.0
5724.7979602405485,8906.302219150002,0.0,258.65,0.0,0.0,0.0,0.0,0.0,0.0
5695.468564638034,8897.30221915,0.0,252.9,0.0,0.0,0.0,0.0,0.0,0.0
5723.489169035524,8890.302219150002,0.0,193.8,0.0,0.0,0.0,0.0,0.0,0.0
5992.255995948711,8933.30221915,0.0,98.45,0.0,0.0,0.0,0.0,0.0,0.0
7025.929072819053,9167.30221915,0.0,0.0,0.0,0.0,0.0,0.0,0.0,0.0
7772.695624974946,9356.30221915,0.0,0.0,0.0,0.0,0.0,0.0,0.0,0.0
7697.516984869295,9336.30221915,0.0,0.0,0.0,0.0,0.0,0.0,0.0,0.0
7397.802424446685,9261.302219150002,0.0,0.0,0.0,0.0,0.0,0.0,0.0,0.0
6921.671037110887,9141.30221915,0.0,0.0,0.0,0.0,0.0,0.0,0.0,0.0
6106.745693749967,8937.30221915,0.0,0.0,0.0,0.0,0.0,0.0,0.0,0.0
4995.105789966438,8658.30221915,0.0,0.0,0.0,0.0,0.0,0.0,0.0,0.0
3977.68422408982,8404.30221915,0.0,0.0,0.0,0.0,0.0,0.0,0.0,0.0
3721.5979167691407,7834.894165871946,0.0,0.0,0.0,0.0,0.0,0.0,0.0,0.0
3721.5979167691407,7421.041457683118,0.0,0.0,0.0,0.0,0.0,0.0,0.0,0.0
3721.5979167691407,7248.023605867618,0.0,0.0,0.0,0.0,0.0,0.0,0.0,0.0
3721.5979167691407,7248.023605867618,0.0,0.0,0.0,0.0,0.0,0.0,0.0,0.0
3721.5979167691407,7563.721951616474,0.0,0.0,0.0,0.0,0.0,0.0,0.0,0.0
3974.664375189192,8403.302219150002,0.0,0.0,0.0,0.0,0.0,0.0,0.0,0.0
5526.3562707060055,8792.30221915,0.0,0.0,0.0,0.0,0.0,0.0,0.0,0.0
6254.083125060644,8974.30221915,0.0,0.0,0.0,0.0,0.0,0.0,0.0,0.0
6118.683125060646,8974.30221915,0.0,133.39999999999998,0.0,0.0,0.0,0.0,0.0,0.0
5931.484636054363,8952.30221915,0.0,235.4,0.0,0.0,0.0,0.0,0.0,0.0
5829.535391551223,8941.302219150002,0.0,294.25,0.0,0.0,0.0,0.0,0.0,0.0
5758.867053644317,8919.302219150002,0.0,274.7,0.0,0.0,0.0,0.0,0.0,0.0
5555.600226731128,8874.302219150002,0.0,299.54999999999995,0.0,0.0,0.0,0.0,0.0,0.0
5511.341435526104,8859.30221915,0.0,283.65000000000003,0.0,0.0,0.0,0.0,0.0,0.0
5450.253248718566,8833.30221915,0.0,241.5,0.0,0.0,0.0,0.0,0.0,0.0
5677.420831128616,8867.30221915,0.0,150.65,0.0,0.0,0.0,0.0,0.0,0.0
6728.164512396442,9093.30221915,0.0,0.05,0.0,0.0,0.0,0.0,0.0,0.0
7541.15970465799,9297.302219150002,0.0,0.0,0.0,0.0,0.0,0.0,0.0,0.0
7593.278798061758,9310.302219150002,0.0,0.0,0.0,0.0,0.0,0.0,0.0,0.0
7328.6436332416615,9244.30221915,0.0,0.0,0.0,0.0,0.0,0.0,0.0,0.0
6812.413001402721,9115.30221915,0.0,0.0,0.0,0.0,0.0,0.0,0.0,0.0
5976.428111339919,8905.30221915,0.0,0.0,0.0,0.0,0.0,0.0,0.0,0.0
4846.748509755135,8621.30221915,0.0,0.0,0.0,0.0,0.0,0.0,0.0,0.0
3807.267397176631,8360.30221915,0.0,0.0,0.0,0.0,0.0,0.0,0.0,0.0
3721.5979167691407,7600.128932259086,0.0,0.0,0.0,0.0,0.0,0.0,0.0,0.0
3721.5979167691407,7170.107545129185,0.0,0.0,0.0,0.0,0.0,0.0,0.0,0.0
3721.5979167691407,6959.650235978333,0.0,0.0,0.0,0.0,0.0,0.0,0.0,0.0
3721.5979167691407,6973.826627566995,0.0,0.0,0.0,0.0,0.0,0.0,0.0,0.0
3721.5979167691407,7318.837567152845,0.0,0.0,0.0,0.0,0.0,0.0,0.0,0.0
3785.227699375376,8355.30221915,0.0,0.0,0.0,0.0,0.0,0.0,0.0,0.0
5306.840199289677,8736.30221915,0.0,0.0,0.0,0.0,0.0,0.0,0.0,0.0
6080.666298147456,8931.30221915,0.0,0.0,0.0,0.0,0.0,0.0,0.0,0.0
6172.492671762529,8979.302219150002,0.0,99.65,0.0,0.0,0.0,0.0,0.0,0.0
6136.261765166298,8992.30221915,0.0,190.0,0.0,0.0,0.0,0.0,0.0,0.0
6039.012520663157,8982.30221915,0.0,244.15,0.0,0.0,0.0,0.0,0.0,0.0
5914.294182756248,8958.30221915,0.0,274.65,0.0,0.0,0.0,0.0,0.0,0.0
5795.596449246827,8929.30221915,0.0,276.05,0.0,0.0,0.0,0.0,0.0,0.0
5776.867053644316,8921.30221915,0.0,260.7,0.0,0.0,0.0,0.0,0.0,0.0
5794.237658041803,8911.30221915,0.0,205.25,0.0,0.0,0.0,0.0,0.0,0.0
6061.77433385562,8956.30221915,0.0,121.14999999999999,0.0,0.0,0.0,0.0,0.0,0.0
7111.127561825332,9189.30221915,0.0,0.0,0.0,0.0,0.0,0.0,0.0,0.0
7601.278798061757,9312.30221915,0.0,0.0,0.0,0.0,0.0,0.0,0.0,0.0
7390.782575546057,9259.30221915,0.0,0.0,0.0,0.0,0.0,0.0,0.0,0.0
7051.9886195209365,9174.30221915,0.0,0.0,0.0,0.0,0.0,0.0,0.0,0.0
6623.956476688279,9067.30221915,0.0,0.0,0.0,0.0,0.0,0.0,0.0,0.0
5973.428111339918,8904.30221915,0.0,0.0,0.0,0.0,0.0,0.0,0.0,0.0
5058.264581171463,8674.30221915,0.0,0.0,0.0,0.0,0.0,0.0,0.0,0.0
4106.981957599241,8436.30221915,0.0,0.0,0.0,0.0,0.0,0.0,0.0,0.0
3721.5979167691407,7916.839660030517,0.0,0.0,0.0,0.0,0.0,0.0,0.0,0.0
3721.5979167691407,7386.646859063082,0.0,0.0,0.0,0.0,0.0,0.0,0.0,0.0
3721.5979167691407,7133.688182463998,0.0,0.0,0.0,0.0,0.0,0.0,0.0,0.0
3721.5979167691407,7048.697829590111,0.0,0.0,0.0,0.0,0.0,0.0,0.0,0.0
3721.5979167691407,7148.876956075235,0.0,0.0,0.0,0.0,0.0,0.0,0.0,0.0
3721.5979167691407,7557.639946833431,0.0,0.0,0.0,0.0,0.0,0.0,0.0,0.0
3758.1483037728635,8349.30221915,0.0,0.0,0.0,0.0,0.0,0.0,0.0,0.0
4490.895007028129,8532.30221915,0.0,0.0,0.0,0.0,0.0,0.0,0.0,0.0
5184.4005014884215,8733.302219150002,0.0,108.39999999999999,0.0,0.0,0.0,0.0,0.0,0.0
5625.950982227987,8866.30221915,0.0,193.1,0.0,0.0,0.0,0.0,0.0,0.0
5838.096449246827,8927.30221915,0.0,225.55,0.0,0.0,0.0,0.0,0.0,0.0
5867.905995948711,8933.30221915,0.0,223.8,0.0,0.0,0.0,0.0,0.0,0.0
5811.917053644316,8921.30221915,0.0,226.64999999999998,0.0,0.0,0.0,0.0,0.0,0.0
5706.80901793615,8891.30221915,0.0,218.5,0.0,0.0,0.0,0.0,0.0,0.0
5640.530377830499,8872.30221915,0.0,205.6,0.0,0.0,0.0,0.0,0.0,0.0
5853.967809141176,8908.30221915,0.0,137.5,0.0,0.0,0.0,0.0,0.0,0.0
6784.353454700838,9107.30221915,0.0,0.0,0.0,0.0,0.0,0.0,0.0,0.0
7128.167259626588,9193.30221915,0.0,0.0,0.0,0.0,0.0,0.0,0.0,0.0
6914.6710371108875,9140.302219150002,0.0,0.0,0.0,0.0,0.0,0.0,0.0,0.0
6497.658743178858,9036.30221915,0.0,0.0,0.0,0.0,0.0,0.0,0.0,0.0
6072.646449246828,8929.30221915,0.0,0.0,0.0,0.0,0.0,0.0,0.0,0.0
5486.257026202866,8782.30221915,0.0,0.0,0.0,0.0,0.0,0.0,0.0,0.0
4676.3515317425745,8579.30221915,0.0,0.0,0.0,0.0,0.0,0.0,0.0,0.0
3787.2276993753762,8355.30221915,0.0,0.0,0.0,0.0,0.0,0.0,0.0,0.0
3721.5979167691407,7548.5331780052375,0.0,0.0,0.0,0.0,0.0,0.0,0.0,0.0
3721.5979167691407,7001.1268393814125,0.0,0.0,0.0,0.0,0.0,0.0,0.0,0.0
3721.5979167691407,6675.321724804366,0.0,0.0,0.0,0.0,0.0,0.0,0.0,0.0
3721.5979167691407,6526.579320758132,0.0,0.0,0.0,0.0,0.0,0.0,0.0,0.0
3721.5979167691407,6539.755712346792,0.0,0.0,0.0,0.0,0.0,0.0,0.0,0.0
3721.5979167691407,6788.657148207986,0.0,0.0,0.0,0.0,0.0,0.0,0.0,0.0
3721.5979167691407,7320.862331197997,0.0,0.0,0.0,0.0,0.0,0.0,0.0,0.0
3721.5979167691407,8004.87487161972,0.0,0.0,0.0,0.0,0.0,0.0,0.0,0.0
4129.98044660552,8456.30221915,0.0,59.2,0.0,0.0,0.0,0.0,0.0,0.0
4585.550776245715,8591.30221915,0.0,138.9,0.0,0.0,0.0,0.0,0.0,0.0
4787.7962432645545,8651.30221915,0.0,179.25,0.0,0.0,0.0,0.0,0.0,0.0
4883.324883370209,8671.30221915,0.0,161.89999999999998,0.0,0.0,0.0,0.0,0.0,0.0
4881.6947322708365,8673.30221915,0.0,170.55,0.0,0.0,0.0,0.0,0.0,0.0
4761.696998761416,8643.30221915,0.0,170.25,0.0,0.0,0.0,0.0,0.0,0.0
4681.6889630532505,8616.30221915,0.0,143.0,0.0,0.0,0.0,0.0,0.0,0.0
4927.666092165185,8655.30221915,0.0,51.4,0.0,0.0,0.0,0.0,0.0,0.0
6043.586902544945,8921.30221915,0.0,0.0,0.0,0.0,0.0,0.0,0.0,0.0
6696.154965694558,9085.30221915,0.0,0.0,0.0,0.0,0.0,0.0,0.0,0.0
6552.797685483253,9049.30221915,0.0,0.0,0.0,0.0,0.0,0.0,0.0,0.0
6202.964031656876,8961.30221915,0.0,0.0,0.0,0.0,0.0,0.0,0.0,0.0
5679.733399817939,8830.30221915,0.0,0.0,0.0,0.0,0.0,0.0,0.0,0.0
4840.728660854506,8620.30221915,0.0,0.0,0.0,0.0,0.0,0.0,0.0,0.0
3806.2673971766317,8360.30221915,0.0,0.0,0.0,0.0,0.0,0.0,0.0,0.0
3721.5979167691407,7240.941601084575,0.0,0.0,0.0,0.0,0.0,0.0,0.0,0.0
3061.9625239450525,7256.1096210351425,0.0,0.0,0.0,0.0,0.0,0.0,0.0,0.0
3061.9625239450525,6711.740428479046,0.0,0.0,0.0,0.0,0.0,0.0,0.0,0.0
3061.9625239450525,6441.600690916313,0.0,0.0,0.0,0.0,0.0,0.0,0.0,0.0
3061.9625239450525,6359.63510208758,0.0,0.0,0.0,0.0,0.0,0.0,0.0,0.0
3061.9625239450525,6570.092411238433,0.0,0.0,0.0,0.0,0.0,0.0,0.0,0.0
3061.9625239450525,7220.570342667745,0.0,43.1,0.0,0.0,0.0,0.0,0.0,0.0
3587.5402680647,8320.30221915,0.0,57.35,0.0,0.0,0.0,0.0,0.0,0.0
4697.119114152623,8615.30221915,0.0,121.55000000000001,0.0,0.0,0.0,0.0,0.0,0.0
5259.777630600353,8773.30221915,0.0,191.39999999999998,0.0,0.0,0.0,0.0,0.0,0.0
5647.229622333638,8884.30221915,0.0,246.0,0.0,0.0,0.0,0.0,0.0,0.0
5962.713276160017,8970.302219150002,0.0,274.34999999999997,0.0,0.0,0.0,0.0,0.0,0.0
6171.859498675717,9023.30221915,0.0,276.7,0.0,0.0,0.0,0.0,0.0,0.0
6285.83738328451,9052.30221915,0.0,279.0,0.0,0.0,0.0,0.0,0.0,0.0
6400.995418992674,9081.30221915,0.0,276.1,0.0,0.0,0.0,0.0,0.0,0.0
6412.045418992673,9082.30221915,0.0,266.05,0.0,0.0,0.0,0.0,0.0,0.0
6467.765267893303,9083.30221915,0.0,218.35,0.0,0.0,0.0,0.0,0.0,0.0
6542.654965694556,9086.30221915,0.0,157.5,0.0,0.0,0.0,0.0,0.0,0.0
6506.327081085765,9059.30221915,0.0,83.55,0.0,0.0,0.0,0.0,0.0,0.0
6205.8632761600165,8973.302219150002,0.0,41.2,0.0,0.0,0.0,0.0,0.0,0.0
5963.858262439292,8903.302219150002,0.0,4.55,0.0,0.0,0.0,0.0,0.0,0.0
6025.547204743688,8917.30221915,0.0,0.0,0.0,0.0,0.0,0.0,0.0,0.0
5581.495213010402,8806.30221915,0.0,0.0,0.0,0.0,0.0,0.0,0.0,0.0
4387.6568202205935,8506.30221915,0.0,0.0,0.0,0.0,0.0,0.0,0.0,0.0
3238.9375208345527,8218.30221915,0.0,0.0,0.0,0.0,0.0,0.0,0.0,0.0
3061.9625239450525,7457.460161357802,0.0,0.0,0.0,0.0,0.0,0.0,0.0,0.0
3061.9625239450525,6882.753610919559,0.0,0.0,0.0,0.0,0.0,0.0,0.0,0.0
3061.9625239450525,6612.593778686662,0.0,0.0,0.0,0.0,0.0,0.0,0.0,0.0
3061.9625239450525,6505.340360066086,0.0,0.0,0.0,0.0,0.0,0.0,0.0,0.0
3061.9625239450525,6741.11797570152,0.0,0.0,0.0,0.0,0.0,0.0,0.0,0.0
3061.9625239450525,7373.1138486736245,0.0,29.35,0.0,0.0,0.0,0.0,0.0,0.0
3705.0681526734916,8350.30221915,0.0,60.1,0.0,0.0,0.0,0.0,0.0,0.0
4808.5771498607855,8640.302219150002,0.0,113.35000000000001,0.0,0.0,0.0,0.0,0.0,0.0
5377.326119606633,8794.302219150002,0.0,156.04999999999998,0.0,0.0,0.0,0.0,0.0,0.0
5721.7391690355225,8890.302219150002,0.0,193.55,0.0,0.0,0.0,0.0,0.0,0.0
6021.213276160017,8971.30221915,0.0,218.85,0.0,0.0,0.0,0.0,0.0,0.0
6178.710254172578,9015.302219150002,0.0,235.75,0.0,0.0,0.0,0.0,0.0,0.0
6253.158743178858,9035.30221915,0.0,240.5,0.0,0.0,0.0,0.0,0.0,0.0
6401.396174489534,9071.30221915,0.0,237.6,0.0,0.0,0.0,0.0,0.0,0.0
6374.78662778765,9063.302219150002,0.0,234.15,0.0,0.0,0.0,0.0,0.0,0.0
6351.157987681997,9047.302219150002,0.0,190.6,0.0,0.0,0.0,0.0,0.0,0.0
6383.118289880742,9040.302219150002,0.0,132.6,0.0,0.0,0.0,0.0,0.0,0.0
6323.690405271948,9011.302219150002,0.0,76.75,0.0,0.0,0.0,0.0,0.0,0.0
6139.414787153736,8949.30221915,0.0,14.45,0.0,0.0,0.0,0.0,0.0,0.0
5997.467809141176,8910.30221915,0.0,0.0,0.0,0.0,0.0,0.0,0.0,0.0
6070.646449246828,8928.30221915,0.0,0.0,0.0,0.0,0.0,0.0,0.0,0.0
5547.41581740789,8797.302219150002,0.0,0.0,0.0,0.0,0.0,0.0,0.0,0.0
4420.736215823105,8515.302219150002,0.0,0.0,0.0,0.0,0.0,0.0,0.0,0.0
3347.1757076420895,8245.30221915,0.0,0.0,0.0,0.0,0.0,0.0,0.0,0.0
3061.9625239450525,7630.498107843466,0.0,0.0,0.0,0.0,0.0,0.0,0.0,0.0
3061.9625239450525,7116.486367839679,0.0,0.0,0.0,0.0,0.0,0.0,0.0,0.0
3061.9625239450525,6839.2522434713255,0.0,0.0,0.0,0.0,0.0,0.0,0.0,0.0
3061.9625239450525,6750.2247445297135,0.0,0.0,0.0,0.0,0.0,0.0,0.0,0.0
3061.9625239450525,6945.4932800693305,0.0,0.0,0.0,0.0,0.0,0.0,0.0,0.0
3061.9625239450525,7718.513224762502,0.0,0.0,0.0,0.0,0.0,0.0,0.0,0.0
3951.044526288563,8399.30221915,0.0,7.6,0.0,0.0,0.0,0.0,0.0,0.0
5089.893221277117,8694.302219150002,0.0,45.55,0.0,0.0,0.0,0.0,0.0,0.0
5595.003248718569,8833.30221915,0.0,94.75,0.0,0.0,0.0,0.0,0.0,0.0
5889.907506942431,8912.302219150002,0.0,116.6,0.0,0.0,0.0,0.0,0.0,0.0
6106.183125060644,8973.302219150002,0.0,144.9,0.0,0.0,0.0,0.0,0.0,0.0
6183.441160768809,9001.30221915,0.0,176.9,0.0,0.0,0.0,0.0,0.0,0.0
6161.201462967553,8997.30221915,0.0,183.10000000000002,0.0,0.0,0.0,0.0,0.0,0.0
6196.6110096694365,9003.30221915,0.0,172.75,0.0,0.0,0.0,0.0,0.0,0.0
6132.44267176253,8980.30221915,0.0,144.7,0.0,0.0,0.0,0.0,0.0,0.0
6058.82433385562,8957.30221915,0.0,126.1,0.0,0.0,0.0,0.0,0.0,0.0
6120.483880557505,8963.30221915,0.0,88.5,0.0,0.0,0.0,0.0,0.0,0.0
6142.014031656876,8961.30221915,0.0,57.95,0.0,0.0,0.0,0.0,0.0,0.0
5990.077355843059,8915.302219150002,0.0,26.450000000000003,0.0,0.0,0.0,0.0,0.0,0.0
5810.090680029244,8869.30221915,0.0,24.0,0.0,0.0,0.0,0.0,0.0,0.0
5857.150226731127,8875.30221915,0.0,0.0,0.0,0.0,0.0,0.0,0.0,0.0
5497.296724004122,8785.30221915,0.0,0.0,0.0,0.0,0.0,0.0,0.0,0.0
4409.7163669224765,8512.302219150002,0.0,0.0,0.0,0.0,0.0,0.0,0.0,0.0
3315.116160940205,8237.30221915,0.0,0.0,0.0,0.0,0.0,0.0,0.0,0.0
3061.9625239450525,7535.38860411881,0.0,0.0,0.0,0.0,0.0,0.0,0.0,0.0
3061.9625239450525,6975.830637951475,0.0,0.0,0.0,0.0,0.0,0.0,0.0,0.0
3061.9625239450525,6628.794934320474,0.0,0.0,0.0,0.0,0.0,0.0,0.0,0.0
3061.9625239450525,6521.541515699898,0.0,0.0,0.0,0.0,0.0,0.0,0.0,0.0
3061.9625239450525,6703.666136343591,0.0,0.0,0.0,0.0,0.0,0.0,0.0,0.0
3061.9625239450525,7338.203720292327,0.0,50.85,0.0,0.0,0.0,0.0,0.0,0.0
3634.489512567838,8330.30221915,0.0,51.5,0.0,0.0,0.0,0.0,0.0,0.0
4716.578660854507,8619.30221915,0.0,120.15,0.0,0.0,0.0,0.0,0.0,0.0
5243.407781699725,8769.30221915,0.0,190.75,0.0,0.0,0.0,0.0,0.0,0.0
5538.201737724847,8856.30221915,0.0,240.75,0.0,0.0,0.0,0.0,0.0,0.0
5779.9766003462,8926.30221915,0.0,279.65000000000003,0.0,0.0,0.0,0.0,0.0,0.0
5880.874333855619,8956.30221915,0.0,300.05,0.0,0.0,0.0,0.0,0.0,0.0
5911.173578358762,8966.30221915,0.0,312.85,0.0,0.0,0.0,0.0,0.0,0.0
6000.141916265669,8991.30221915,0.0,317.09999999999997,0.0,0.0,0.0,0.0,0.0,0.0
6058.421311868182,8998.30221915,0.0,289.9,0.0,0.0,0.0,0.0,0.0,0.0
6122.491160768809,9001.30221915,0.0,237.85,0.0,0.0,0.0,0.0,0.0,0.0
6209.780858570065,9006.30221915,0.0,167.6,0.0,0.0,0.0,0.0,0.0,0.0
6206.412520663156,8982.30221915,0.0,79.75,0.0,0.0,0.0,0.0,0.0,0.0
5958.937658041803,8911.30221915,0.0,42.55,0.0,0.0,0.0,0.0,0.0,0.0
5637.702493221706,8843.30221915,0.0,94.14999999999999,0.0,0.0,0.0,0.0,0.0,0.0
5760.912039923591,8851.302219150002,0.0,0.0,0.0,0.0,0.0,0.0,0.0,0.0
5517.3562707060055,8790.302219150002,0.0,0.0,0.0,0.0,0.0,0.0,0.0,0.0
4408.716366922477,8511.302219150002,0.0,0.0,0.0,0.0,0.0,0.0,0.0,0.0
3273.0169164370664,8227.30221915,0.0,0.0,0.0,0.0,0.0,0.0,0.0,0.0
3061.9625239450525,7430.159949543382,0.0,0.0,0.0,0.0,0.0,0.0,0.0,0.0
3061.9625239450525,6797.763258045672,0.0,0.0,0.0,0.0,0.0,0.0,0.0,0.0
3061.9625239450525,6462.851374640428,0.0,0.0,0.0,0.0,0.0,0.0,0.0,0.0
3061.9625239450525,6341.421564431189,0.0,0.0,0.0,0.0,0.0,0.0,0.0,0.0
3061.9625239450525,6499.258355283042,0.0,0.0,0.0,0.0,0.0,0.0,0.0,0.0
3061.9625239450525,6954.051833511346,0.0,93.5,0.0,0.0,0.0,0.0,0.0,0.0
3333.7551032446013,8254.30221915,0.0,46.5,0.0,0.0,0.0,0.0,0.0,0.0
4428.453798233155,8547.302219150002,0.0,122.6,0.0,0.0,0.0,0.0,0.0,0.0
5052.390954786536,8726.302219150002,0.0,209.35,0.0,0.0,0.0,0.0,0.0,0.0
5452.402493221708,8842.302219150002,0.0,275.45,0.0,0.0,0.0,0.0,0.0,0.0
5753.316298147455,8930.30221915,0.0,324.35,0.0,0.0,0.0,0.0,0.0,0.0
5896.663276160018,8972.30221915,0.0,348.4,0.0,0.0,0.0,0.0,0.0,0.0
5948.682369563786,8985.30221915,0.0,346.5,0.0,0.0,0.0,0.0,0.0,0.0
6051.270556371322,9010.30221915,0.0,343.15000000000003,0.0,0.0,0.0,0.0,0.0,0.0
6091.220556371321,9010.30221915,0.0,303.20000000000005,0.0,0.0,0.0,0.0,0.0,0.0
6119.461009669437,9002.302219150002,0.0,245.9,0.0,0.0,0.0,0.0,0.0,0.0
6164.781614066926,8995.30221915,0.0,171.5,0.0,0.0,0.0,0.0,0.0,0.0
6078.664787153736,8951.302219150002,0.0,80.19999999999999,0.0,0.0,0.0,0.0,0.0,0.0
5742.4715866254755,8857.30221915,0.0,43.5,0.0,0.0,0.0,0.0,0.0,0.0
5316.237932799097,8769.30221915,0.0,115.9,0.0,0.0,0.0,0.0,0.0,0.0
5370.998990494701,8753.30221915,0.0,0.0,0.0,0.0,0.0,0.0,0.0,0.0
5162.502767979,8701.302219150002,0.0,0.0,0.0,0.0,0.0,0.0,0.0,0.0
4222.259842208034,8465.30221915,0.0,0.0,0.0,0.0,0.0,0.0,0.0,0.0
3183.798578530157,8205.30221915,0.0,0.0,0.0,0.0,0.0,0.0,0.0,0.0
3061.9625239450525,7302.648134551098,0.0,0.0,0.0,0.0,0.0,0.0,0.0,0.0
3061.9625239450525,6685.440216664629,0.0,0.0,0.0,0.0,0.0,0.0,0.0,0.0
3061.9625239450525,6338.396800386041,0.0,0.0,0.0,0.0,0.0,0.0,0.0,0.0
3061.9625239450525,6146.153028891573,0.0,0.0,0.0,0.0,0.0,0.0,0.0,0.0
3061.9625239450525,6100.6268973981905,0.0,0.0,0.0,0.0,0.0,0.0,0.0,0.0
3061.9625239450525,6016.2401864415115,0.0,94.35000000000001,0.0,0.0,0.0,0.0,0.0,0.0
3061.9625239450525,6701.154740865753,0.0,46.449999999999996,0.0,0.0,0.0,0.0,0.0,0.0
3061.9625239450525,7730.246773450669,0.0,121.35,0.0,0.0,0.0,0.0,0.0,0.0
3538.3284548722354,8345.302219150002,0.0,205.8,0.0,0.0,0.0,0.0,0.0,0.0
4112.186971319965,8505.302219150002,0.0,268.45000000000005,0.0,0.0,0.0,0.0,0.0,0.0
4408.500776245715,8591.30221915,0.0,313.95,0.0,0.0,0.0,0.0,0.0,0.0
4517.998509755136,8621.30221915,0.0,328.75,0.0,0.0,0.0,0.0,0.0,0.0
4520.648509755136,8621.30221915,0.0,324.1,0.0,0.0,0.0,0.0,0.0,0.0
4427.9603229476,8597.30221915,0.0,319.55,0.0,0.0,0.0,0.0,0.0,0.0
4370.491985040691,8575.30221915,0.0,288.8,0.0,0.0,0.0,0.0,0.0,0.0
4399.402287239434,8569.302219150002,0.0,237.85,0.0,0.0,0.0,0.0,0.0,0.0
4501.181682841945,8577.30221915,0.0,169.15,0.0,0.0,0.0,0.0,0.0,0.0
4611.191229543831,8584.30221915,0.0,84.2,0.0,0.0,0.0,0.0,0.0,0.0
4522.673647133783,8551.30221915,0.0,43.4,0.0,0.0,0.0,0.0,0.0,0.0
4346.267122419337,8502.302219150002,0.0,24.35,0.0,0.0,0.0,0.0,0.0,0.0
4445.795762524989,8521.30221915,0.0,0.0,0.0,0.0,0.0,0.0,0.0,0.0
4333.537726816825,8493.30221915,0.0,0.0,0.0,0.0,0.0,0.0,0.0,0.0
3608.810872462187,8311.30221915,0.0,0.0,0.0,0.0,0.0,0.0,0.0,0.0
3061.9625239450525,7748.870677314812,0.0,0.0,0.0,0.0,0.0,0.0,0.0,0.0
3061.9625239450525,6873.646842091364,0.0,0.0,0.0,0.0,0.0,0.0,0.0,0.0
3061.9625239450525,6324.228121444966,0.0,0.0,0.0,0.0,0.0,0.0,0.0,0.0
3061.9625239450525,5996.398242822765,0.0,0.0,0.0,0.0,0.0,0.0,0.0,0.0
3061.9625239450525,5803.12199463556,0.0,0.0,0.0,0.0,0.0,0.0,0.0,0.0
3061.9625239450525,5763.6902499477965,0.0,0.0,0.0,0.0,0.0,0.0,0.0,0.0
3061.9625239450525,5630.1897467949675,0.0,61.9,0.0,0.0,0.0,0.0,0.0,0.0
3061.9625239450525,5973.7957335717865,0.0,56.300000000000004,0.0,0.0,0.0,0.0,0.0,0.0
3061.9625239450525,6726.759549365594,0.0,124.10000000000001,0.0,0.0,0.0,0.0,0.0,0.0
3061.9625239450525,7691.897054373648,0.0,203.2,0.0,0.0,0.0,0.0,0.0,0.0
3207.943290052138,8278.302219150002,0.0,267.55,0.0,0.0,0.0,0.0,0.0,0.0
3546.5563394810274,8375.30221915,0.0,315.85,0.0,0.0,0.0,0.0,0.0,0.0
3750.242259797985,8430.30221915,0.0,334.7,0.0,0.0,0.0,0.0,0.0,0.0
3842.260597704893,8454.30221915,0.0,335.9,0.0,0.0,0.0,0.0,0.0,0.0
3795.8415043011246,8441.302219150002,0.0,331.2,0.0,0.0,0.0,0.0,0.0,0.0
3803.5121086986114,8433.30221915,0.0,292.45,0.0,0.0,0.0,0.0,0.0,0.0
3889.9915043011256,8441.302219150002,0.0,237.05,0.0,0.0,0.0,0.0,0.0,0.0
4076.6193889099177,8471.30221915,0.0,167.7,0.0,0.0,0.0,0.0,0.0,0.0
4283.067122419337,8501.30221915,0.0,84.55,0.0,0.0,0.0,0.0,0.0,0.0
4296.857575717451,8495.30221915,0.0,44.699999999999996,0.0,0.0,0.0,0.0,0.0,0.0
4172.709086711173,8475.30221915,0.0,87.65,0.0,0.0,0.0,0.0,0.0,0.0
4464.835460326245,8526.30221915,0.0,0.0,0.0,0.0,0.0,0.0,0.0,0.0
4336.537726816825,8494.30221915,0.0,0.0,0.0,0.0,0.0,0.0,0.0,0.0
3455.4535922508817,8273.30221915,0.0,0.0,0.0,0.0,0.0,0.0,0.0,0.0
3061.9625239450525,7478.710845081918,0.0,0.0,0.0,0.0,0.0,0.0,0.0,0.0
