Network_zones,Network_Lines,z1,z2,z3,z4,z5,z6,z7,z8,z9,z10,z11,z12,z13,z14,z15,z16,z17,z18,z19,z20,z21,z22,z23,z24,z25,z26,Line_Max_Flow_MW,Line_Min_Flow_MW,transmission_path_name,Line_Reinforcement_Cost_per_MWyr,Line_Reinforcement_Cost_per_MW,Line_Loss_Percentage,Line_Max_Reinforcement_MW,DerateCapRes_1,DerateCapRes_2,DerateCapRes_3,DerateCapRes_4,DerateCapRes_5,DerateCapRes_6,DerateCapRes_7,DerateCapRes_8,DerateCapRes_9,DerateCapRes_10,CapRes_Excl_1,CapRes_Excl_2,CapRes_Excl_3,CapRes_Excl_4,CapRes_Excl_5,CapRes_Excl_6,CapRes_Excl_7,CapRes_Excl_8,CapRes_Excl_9,CapRes_Excl_10,Line_Size_MW,v_class,Line_Max_Flow_Possible_MW,WACC,Capital_Recovery_Period
z1,1,1,-1,0,0,0,0,0,0,0,0,0,0,0,0,0,0,0,0,0,0,0,0,0,0,0,0,100,100,BASN_to_CANO,91333,1885525,0.1234,0,0.95,0.95,0.95,0.95,0.95,0.95,0.95,0.95,0.95,0.95,-1,0,1,0,0,0,0,0,0,0,1,existing,0,0.062,30
z2,2,1,0,-1,0,0,0,0,0,0,0,0,0,0,0,0,0,0,0,0,0,0,0,0,0,0,0,5920,5920,BASN_to_CASO,70833,1462314,0.0894,0,0.95,0.95,0.95,0.95,0.95,0.95,0.95,0.95,0.95,0.95,-1,0,1,0,0,0,0,0,0,0,1,existing,0,0.062,30
z3,3,1,0,0,0,0,0,0,0,0,-1,0,0,0,0,0,0,0,0,0,0,0,0,0,0,0,0,3350,3350,BASN_to_NWPP,111986,2311904,0.1381,0,0.95,0.95,0.95,0.95,0.95,0.95,0.95,0.95,0.95,0.95,0,0,0,0,0,0,0,0,0,0,1,existing,0,0.062,30
z4,4,1,0,0,0,0,0,0,0,0,0,0,0,0,0,0,0,-1,0,0,0,0,0,0,0,0,0,3750,3750,BASN_to_RMRG,76662,1582653,0.0957,0,0.95,0.95,0.95,0.95,0.95,0.95,0.95,0.95,0.95,0.95,0,0,0,0,0,0,0,0,0,0,1,existing,0,0.062,30
z5,5,1,0,0,0,0,0,0,0,0,0,0,0,0,0,0,0,0,0,0,0,0,0,0,-1,0,0,5385,5385,BASN_to_SRSG,80964,1671469,0.1271,0,0.95,0.95,0.95,0.95,0.95,0.95,0.95,0.95,0.95,0.95,0,-1,1,0,0,0,0,0,0,0,1,existing,0,0.062,30
z6,6,0,1,-1,0,0,0,0,0,0,0,0,0,0,0,0,0,0,0,0,0,0,0,0,0,0,0,3675,3675,CANO_to_CASO,55373,1143140,0.0703,0,0.95,0.95,0.95,0.95,0.95,0.95,0.95,0.95,0.95,0.95,0,0,0,0,0,0,0,0,0,0,1,existing,0,0.062,30
z7,7,0,1,0,0,0,0,0,0,0,-1,0,0,0,0,0,0,0,0,0,0,0,0,0,0,0,0,3675,3675,CANO_to_NWPP,76771,1584898,0.0987,0,0.95,0.95,0.95,0.95,0.95,0.95,0.95,0.95,0.95,0.95,1,0,-1,0,0,0,0,0,0,0,1,existing,0,0.062,30
z8,8,0,0,1,0,0,0,0,0,0,-1,0,0,0,0,0,0,0,0,0,0,0,0,0,0,0,0,2858,2858,CASO_to_NWPP,89206,1841623,0.1209,0,0.95,0.95,0.95,0.95,0.95,0.95,0.95,0.95,0.95,0.95,1,0,-1,0,0,0,0,0,0,0,1,existing,0,0.062,30
z9,9,0,0,1,0,0,0,0,0,0,0,0,0,0,0,0,0,0,0,0,0,0,0,0,-1,0,0,4354,4354,CASO_to_SRSG,49324,1018278,0.0902,0,0.95,0.95,0.95,0.95,0.95,0.95,0.95,0.95,0.95,0.95,1,-1,0,0,0,0,0,0,0,0,1,existing,0,0.062,30
z10,10,0,0,0,1,0,0,0,0,0,0,0,0,0,0,0,0,0,0,0,0,0,0,-1,0,0,0,3600,3600,FRCC_to_SRSE,63105,1302772,0.0771,0,0.95,0.95,0.95,0.95,0.95,0.95,0.95,0.95,0.95,0.95,0,0,0,0,0,0,0,0,0,0,1,existing,0,0.062,30
z11,11,0,0,0,0,1,0,0,0,0,0,-1,0,0,0,0,0,0,0,0,0,0,0,0,0,0,0,760,760,ISNE_to_NYCW,115189,2378021,0.0721,0,0.95,0.95,0.95,0.95,0.95,0.95,0.95,0.95,0.95,0.95,0,0,0,0,0,0,0,0,-1,1,1,existing,0,0.062,30
z12,12,0,0,0,0,1,0,0,0,0,0,0,-1,0,0,0,0,0,0,0,0,0,0,0,0,0,0,1400,1400,ISNE_to_NYUP,57144,1179714,0.1191,0,0.95,0.95,0.95,0.95,0.95,0.95,0.95,0.95,0.95,0.95,0,0,0,0,0,0,0,0,-1,1,1,existing,0,0.062,30
z13,13,0,0,0,0,0,1,-1,0,0,0,0,0,0,0,0,0,0,0,0,0,0,0,0,0,0,0,0,0,MISC_to_MISE,54709,1129450,0.074,0,0.95,0.95,0.95,0.95,0.95,0.95,0.95,0.95,0.95,0.95,0,0,0,0,0,0,0,0,0,0,1,existing,0,0.062,30
z14,14,0,0,0,0,0,1,0,-1,0,0,0,0,0,0,0,0,0,0,0,0,0,0,0,0,0,0,1039,1039,MISC_to_MISS,61139,1262178,0.0881,0,0.95,0.95,0.95,0.95,0.95,0.95,0.95,0.95,0.95,0.95,0,0,0,0,0,0,0,0,0,0,1,existing,0,0.062,30
z15,15,0,0,0,0,0,1,0,0,-1,0,0,0,0,0,0,0,0,0,0,0,0,0,0,0,0,0,1655,1655,MISC_to_MISW,80431,1660457,0.1021,0,0.95,0.95,0.95,0.95,0.95,0.95,0.95,0.95,0.95,0.95,0,0,0,0,0,0,0,0,0,0,1,existing,0,0.062,30
z16,16,0,0,0,0,0,1,0,0,0,0,0,0,-1,0,0,0,0,0,0,0,0,0,0,0,0,0,5244,5244,MISC_to_PJMC,33412,689784,0.0466,0,0.95,0.95,0.95,0.95,0.95,0.95,0.95,0.95,0.95,0.95,0,0,0,0,0,1,0,-1,0,0,1,existing,0,0.062,30
z17,17,0,0,0,0,0,1,0,0,0,0,0,0,0,0,0,-1,0,0,0,0,0,0,0,0,0,0,5441,5441,MISC_to_PJMW,47123,972839,0.1192,0,0.95,0.95,0.95,0.95,0.95,0.95,0.95,0.95,0.95,0.95,0,0,0,0,0,1,0,-1,0,0,1,existing,0,0.062,30
z18,18,0,0,0,0,0,1,0,0,0,0,0,0,0,0,0,0,0,-1,0,0,0,0,0,0,0,0,1430,1430,MISC_to_SPPC,38375,792225,0.0518,0,0.95,0.95,0.95,0.95,0.95,0.95,0.95,0.95,0.95,0.95,0,0,0,-1,0,1,0,0,0,0,1,existing,0,0.062,30
z19,19,0,0,0,0,0,1,0,0,0,0,0,0,0,0,0,0,0,0,-1,0,0,0,0,0,0,0,0,0,MISC_to_SPPN,47871,988276,0.0589,0,0.95,0.95,0.95,0.95,0.95,0.95,0.95,0.95,0.95,0.95,0,0,0,-1,0,1,0,0,0,0,1,existing,0,0.062,30
z20,20,0,0,0,0,0,1,0,0,0,0,0,0,0,0,0,0,0,0,0,-1,0,0,0,0,0,0,1172,1172,MISC_to_SPPS,53459,1103628,0.0729,0,0.95,0.95,0.95,0.95,0.95,0.95,0.95,0.95,0.95,0.95,0,0,0,-1,0,1,0,0,0,0,1,existing,0,0.062,30
z21,21,0,0,0,0,0,1,0,0,0,0,0,0,0,0,0,0,0,0,0,0,0,-1,0,0,0,0,3745,3745,MISC_to_SRCE,53489,1104264,0.1006,0,0.95,0.95,0.95,0.95,0.95,0.95,0.95,0.95,0.95,0.95,0,0,0,0,0,1,-1,0,0,0,1,existing,0,0.062,30
z22,22,0,0,0,0,0,0,1,0,-1,0,0,0,0,0,0,0,0,0,0,0,0,0,0,0,0,0,0,0,MISE_to_MISW,82780,1708949,0.0905,0,0.95,0.95,0.95,0.95,0.95,0.95,0.95,0.95,0.95,0.95,0,0,0,0,0,0,0,0,0,0,1,existing,0,0.062,30
z23,23,0,0,0,0,0,0,1,0,0,0,0,0,0,0,0,-1,0,0,0,0,0,0,0,0,0,0,2662,2662,MISE_to_PJMW,47494,980480,0.0876,0,0.95,0.95,0.95,0.95,0.95,0.95,0.95,0.95,0.95,0.95,0,0,0,0,0,1,0,-1,0,0,1,existing,0,0.062,30
z24,24,0,0,0,0,0,0,0,1,0,0,0,0,0,0,0,0,0,-1,0,0,0,0,0,0,0,0,0,0,MISS_to_SPPC,45812,945775,0.0721,0,0.95,0.95,0.95,0.95,0.95,0.95,0.95,0.95,0.95,0.95,0,0,0,-1,0,1,0,0,0,0,1,existing,0,0.062,30
z25,25,0,0,0,0,0,0,0,1,0,0,0,0,0,0,0,0,0,0,0,-1,0,0,0,0,0,0,1697,1697,MISS_to_SPPS,40930,844974,0.0618,0,0.95,0.95,0.95,0.95,0.95,0.95,0.95,0.95,0.95,0.95,0,0,0,-1,0,1,0,0,0,0,1,existing,0,0.062,30
z26,26,0,0,0,0,0,0,0,1,0,0,0,0,0,0,0,0,0,0,0,0,0,-1,0,0,0,0,4092,4092,MISS_to_SRCE,49165,1014989,0.0569,0,0.95,0.95,0.95,0.95,0.95,0.95,0.95,0.95,0.95,0.95,0,0,0,0,0,1,-1,0,0,0,1,existing,0,0.062,30
,27,0,0,0,0,0,0,0,1,0,0,0,0,0,0,0,0,0,0,0,0,0,0,-1,0,0,0,891,891,MISS_to_SRSE,51809,1069576,0.0517,0,0.95,0.95,0.95,0.95,0.95,0.95,0.95,0.95,0.95,0.95,0,0,0,0,0,1,-1,0,0,0,1,existing,0,0.062,30
,28,0,0,0,0,0,0,0,0,1,-1,0,0,0,0,0,0,0,0,0,0,0,0,0,0,0,0,200,200,MISW_to_NWPP,142782,2947664,0.2241,0,0.95,0.95,0.95,0.95,0.95,0.95,0.95,0.95,0.95,0.95,0,0,-1,0,0,1,0,0,0,0,1,existing,0,0.062,30
,29,0,0,0,0,0,0,0,0,1,0,0,0,-1,0,0,0,0,0,0,0,0,0,0,0,0,0,3200,3200,MISW_to_PJMC,40280,831556,0.0557,0,0.95,0.95,0.95,0.95,0.95,0.95,0.95,0.95,0.95,0.95,0,0,0,0,0,1,0,-1,0,0,1,existing,0,0.062,30
,30,0,0,0,0,0,0,0,0,1,0,0,0,0,0,0,0,0,-1,0,0,0,0,0,0,0,0,0,0,MISW_to_SPPC,64160,1324545,0.0774,0,0.95,0.95,0.95,0.95,0.95,0.95,0.95,0.95,0.95,0.95,0,0,0,-1,0,1,0,0,0,0,1,existing,0,0.062,30
,31,0,0,0,0,0,0,0,0,1,0,0,0,0,0,0,0,0,0,-1,0,0,0,0,0,0,0,5512,5512,MISW_to_SPPN,59217,1222510,0.0671,0,0.95,0.95,0.95,0.95,0.95,0.95,0.95,0.95,0.95,0.95,0,0,0,-1,0,1,0,0,0,0,1,existing,0,0.062,30
,32,0,0,0,0,0,0,0,0,0,1,0,0,0,0,0,0,-1,0,0,0,0,0,0,0,0,0,400,400,NWPP_to_RMRG,89320,1843976,0.1319,0,0.95,0.95,0.95,0.95,0.95,0.95,0.95,0.95,0.95,0.95,0,0,0,0,0,0,0,0,0,0,1,existing,0,0.062,30
,33,0,0,0,0,0,0,0,0,0,0,1,-1,0,0,0,0,0,0,0,0,0,0,0,0,0,0,2489,2489,NYCW_to_NYUP,87192,1800029,0.0834,0,0.95,0.95,0.95,0.95,0.95,0.95,0.95,0.95,0.95,0.95,0,0,0,0,0,0,0,0,0,0,1,existing,0,0.062,30
,34,0,0,0,0,0,0,0,0,0,0,1,0,0,0,-1,0,0,0,0,0,0,0,0,0,0,0,660,660,NYCW_to_PJME,55836,1152711,0.028,0,0.95,0.95,0.95,0.95,0.95,0.95,0.95,0.95,0.95,0.95,0,0,0,0,0,0,0,-1,1,0,1,existing,0,0.062,30
,35,0,0,0,0,0,0,0,0,0,0,0,1,0,0,-1,0,0,0,0,0,0,0,0,0,0,0,1255,1255,NYUP_to_PJME,42535,878123,0.0825,0,0.95,0.95,0.95,0.95,0.95,0.95,0.95,0.95,0.95,0.95,0,0,0,0,0,0,0,-1,1,0,1,existing,0,0.062,30
,36,0,0,0,0,0,0,0,0,0,0,0,0,1,0,0,-1,0,0,0,0,0,0,0,0,0,0,980,980,PJMC_to_PJMW,33813,698063,0.0736,0,0.95,0.95,0.95,0.95,0.95,0.95,0.95,0.95,0.95,0.95,0,0,0,0,0,0,0,0,0,0,1,existing,0,0.062,30
,37,0,0,0,0,0,0,0,0,0,0,0,0,0,1,-1,0,0,0,0,0,0,0,0,0,0,0,1200,1200,PJMD_to_PJME,23414,483362,0.0481,0,0.95,0.95,0.95,0.95,0.95,0.95,0.95,0.95,0.95,0.95,0,0,0,0,0,0,0,0,0,0,1,existing,0,0.062,30
,38,0,0,0,0,0,0,0,0,0,0,0,0,0,1,0,-1,0,0,0,0,0,0,0,0,0,0,6930,6930,PJMD_to_PJMW,49053,1012675,0.0988,0,0.95,0.95,0.95,0.95,0.95,0.95,0.95,0.95,0.95,0.95,0,0,0,0,0,0,0,0,0,0,1,existing,0,0.062,30
,39,0,0,0,0,0,0,0,0,0,0,0,0,0,1,0,0,0,0,0,0,-1,0,0,0,0,0,1000,1000,PJMD_to_SRCA,46603,962099,0.1114,0,0.95,0.95,0.95,0.95,0.95,0.95,0.95,0.95,0.95,0.95,0,0,0,0,0,0,-1,1,0,0,1,existing,0,0.062,30
,40,0,0,0,0,0,0,0,0,0,0,0,0,0,0,1,-1,0,0,0,0,0,0,0,0,0,0,3885,3885,PJME_to_PJMW,49371,1019231,0.0846,0,0.95,0.95,0.95,0.95,0.95,0.95,0.95,0.95,0.95,0.95,0,0,0,0,0,0,0,0,0,0,1,existing,0,0.062,30
,41,0,0,0,0,0,0,0,0,0,0,0,0,0,0,0,1,0,0,0,0,-1,0,0,0,0,0,1219,1219,PJMW_to_SRCA,68774,1419804,0.142,0,0.95,0.95,0.95,0.95,0.95,0.95,0.95,0.95,0.95,0.95,0,0,0,0,0,0,-1,1,0,0,1,existing,0,0.062,30
,42,0,0,0,0,0,0,0,0,0,0,0,0,0,0,0,1,0,0,0,0,0,-1,0,0,0,0,3333,3333,PJMW_to_SRCE,48728,1005971,0.1101,0,0.95,0.95,0.95,0.95,0.95,0.95,0.95,0.95,0.95,0.95,0,0,0,0,0,0,-1,1,0,0,1,existing,0,0.062,30
,43,0,0,0,0,0,0,0,0,0,0,0,0,0,0,0,0,1,-1,0,0,0,0,0,0,0,0,210,210,RMRG_to_SPPC,35315,729067,0.0534,0,0.95,0.95,0.95,0.95,0.95,0.95,0.95,0.95,0.95,0.95,0,0,1,-1,0,0,0,0,0,0,1,existing,0,0.062,30
,44,0,0,0,0,0,0,0,0,0,0,0,0,0,0,0,0,1,0,-1,0,0,0,0,0,0,0,410,410,RMRG_to_SPPN,31511,650524,0.0445,0,0.95,0.95,0.95,0.95,0.95,0.95,0.95,0.95,0.95,0.95,0,0,1,-1,0,0,0,0,0,0,1,existing,0,0.062,30
,45,0,0,0,0,0,0,0,0,0,0,0,0,0,0,0,0,1,0,0,0,0,0,0,-1,0,0,614,614,RMRG_to_SRSG,58263,1202803,0.1231,0,0.95,0.95,0.95,0.95,0.95,0.95,0.95,0.95,0.95,0.95,0,-1,1,0,0,0,0,0,0,0,1,existing,0,0.062,30
,46,0,0,0,0,0,0,0,0,0,0,0,0,0,0,0,0,0,1,-1,0,0,0,0,0,0,0,1433,1433,SPPC_to_SPPN,14578,300951,0.0195,0,0.95,0.95,0.95,0.95,0.95,0.95,0.95,0.95,0.95,0.95,0,0,0,0,0,0,0,0,0,0,1,existing,0,0.062,30
,47,0,0,0,0,0,0,0,0,0,0,0,0,0,0,0,0,0,1,0,-1,0,0,0,0,0,0,3372,3372,SPPC_to_SPPS,24788,511728,0.0339,0,0.95,0.95,0.95,0.95,0.95,0.95,0.95,0.95,0.95,0.95,0,0,0,0,0,0,0,0,0,0,1,existing,0,0.062,30
,48,0,0,0,0,0,0,0,0,0,0,0,0,0,0,0,0,0,0,1,-1,0,0,0,0,0,0,0,0,SPPN_to_SPPS,29998,619291,0.0387,0,0.95,0.95,0.95,0.95,0.95,0.95,0.95,0.95,0.95,0.95,0,0,0,0,0,0,0,0,0,0,1,existing,0,0.062,30
,49,0,0,0,0,0,0,0,0,0,0,0,0,0,0,0,0,0,0,0,1,0,0,0,-1,0,0,1010,1010,SPPS_to_SRSG,57943,1196207,0.1276,0,0.95,0.95,0.95,0.95,0.95,0.95,0.95,0.95,0.95,0.95,0,-1,0,1,0,0,0,0,0,0,1,existing,0,0.062,30
,50,0,0,0,0,0,0,0,0,0,0,0,0,0,0,0,0,0,0,0,1,0,0,0,0,-1,0,600,600,SPPS_to_TRE,30240,624286,0.0422,0,0.95,0.95,0.95,0.95,0.95,0.95,0.95,0.95,0.95,0.95,0,0,0,1,-1,0,0,0,0,0,1,existing,0,0.062,30
,51,0,0,0,0,0,0,0,0,0,0,0,0,0,0,0,0,0,0,0,1,0,0,0,0,0,-1,220,220,SPPS_to_TRE_WEST,27005,557510,0.0339,0,0.95,0.95,0.95,0.95,0.95,0.95,0.95,0.95,0.95,0.95,0,0,0,1,-1,0,0,0,0,0,1,existing,0,0.062,30
,52,0,0,0,0,0,0,0,0,0,0,0,0,0,0,0,0,0,0,0,0,1,-1,0,0,0,0,216,216,SRCA_to_SRCE,74042,1528569,0.1155,0,0.95,0.95,0.95,0.95,0.95,0.95,0.95,0.95,0.95,0.95,0,0,0,0,0,0,0,0,0,0,1,existing,0,0.062,30
,53,0,0,0,0,0,0,0,0,0,0,0,0,0,0,0,0,0,0,0,0,1,0,-1,0,0,0,1400,1400,SRCA_to_SRSE,62897,1298487,0.1037,0,0.95,0.95,0.95,0.95,0.95,0.95,0.95,0.95,0.95,0.95,0,0,0,0,0,0,0,0,0,0,1,existing,0,0.062,30
,54,0,0,0,0,0,0,0,0,0,0,0,0,0,0,0,0,0,0,0,0,0,1,-1,0,0,0,3196,3196,SRCE_to_SRSE,56687,1170284,0.0603,0,0.95,0.95,0.95,0.95,0.95,0.95,0.95,0.95,0.95,0.95,0,0,0,0,0,0,0,0,0,0,1,existing,0,0.062,30
,55,0,0,0,0,0,0,0,0,0,0,0,0,0,0,0,0,0,0,0,0,0,0,0,0,1,-1,16529,16529,TRE_to_TRE_WEST,38718,799317,0.0566,0,0.95,0.95,0.95,0.95,0.95,0.95,0.95,0.95,0.95,0.95,0,0,0,0,0,0,0,0,0,0,1,existing,0,0.062,30
,56,0,0,0,0,0,0,0,0,0,1,0,0,0,0,0,0,0,0,-1,0,0,0,0,0,0,0,0,0,NWPP_to_SPPN,103169,2129864,0.1685,0,0.95,0.95,0.95,0.95,0.95,0.95,0.95,0.95,0.95,0.95,0,0,1,-1,0,0,0,0,0,0,1,existing,0,0.062,30
,57,0,0,0,0,0,0,0,0,0,0,0,0,0,0,0,0,0,0,0,0,0,0,0,1,-1,0,0,0,SRSG_to_TRE,70596,1457411,0.1456,0,0.95,0.95,0.95,0.95,0.95,0.95,0.95,0.95,0.95,0.95,0,1,0,0,-1,0,0,0,0,0,1,existing,0,0.062,30
,58,1,-1,0,0,0,0,0,0,0,0,0,0,0,0,0,0,0,0,0,0,0,0,0,0,0,0,0,0,BASN_to_CANO,135384,2844593,0.3804,10000,0.95,0.95,0.95,0.95,0.95,0.95,0.95,0.95,0.95,0.95,-1,0,1,0,0,0,0,0,0,0,800,230kV_double,100000,0.062,30
,59,1,0,-1,0,0,0,0,0,0,0,0,0,0,0,0,0,0,0,0,0,0,0,0,0,0,0,0,0,BASN_to_CASO,83206,1748269,0.1865,59200,0.95,0.95,0.95,0.95,0.95,0.95,0.95,0.95,0.95,0.95,-1,0,1,0,0,0,0,0,0,0,800,230kV_double,100000,0.062,30
,60,1,0,0,0,0,0,0,0,0,-1,0,0,0,0,0,0,0,0,0,0,0,0,0,0,0,0,0,0,BASN_to_NWPP,179788,3777580,0.4942,33500,0.95,0.95,0.95,0.95,0.95,0.95,0.95,0.95,0.95,0.95,0,0,0,0,0,0,0,0,0,0,800,230kV_double,100000,0.062,30
,61,1,0,0,0,0,0,0,0,0,0,0,0,0,0,0,0,-1,0,0,0,0,0,0,0,0,0,0,0,BASN_to_RMRG,115830,2433743,0.3339,37500,0.95,0.95,0.95,0.95,0.95,0.95,0.95,0.95,0.95,0.95,0,0,0,0,0,0,0,0,0,0,800,230kV_double,100000,0.062,30
,62,1,0,0,0,0,0,0,0,0,0,0,0,0,0,0,0,0,0,0,0,0,0,0,-1,0,0,0,0,BASN_to_SRSG,95463,2005796,0.2364,53850,0.95,0.95,0.95,0.95,0.95,0.95,0.95,0.95,0.95,0.95,0,-1,1,0,0,0,0,0,0,0,800,230kV_double,100000,0.062,30
,63,0,1,-1,0,0,0,0,0,0,0,0,0,0,0,0,0,0,0,0,0,0,0,0,0,0,0,0,0,CANO_to_CASO,91248,1917235,0.2346,36750,0.95,0.95,0.95,0.95,0.95,0.95,0.95,0.95,0.95,0.95,0,0,0,0,0,0,0,0,0,0,800,230kV_double,100000,0.062,30
,64,0,1,0,0,0,0,0,0,0,-1,0,0,0,0,0,0,0,0,0,0,0,0,0,0,0,0,0,0,CANO_to_NWPP,129349,2717788,0.3809,36750,0.95,0.95,0.95,0.95,0.95,0.95,0.95,0.95,0.95,0.95,1,0,-1,0,0,0,0,0,0,0,800,230kV_double,100000,0.062,30
,65,0,0,1,0,0,0,0,0,0,-1,0,0,0,0,0,0,0,0,0,0,0,0,0,0,0,0,0,0,CASO_to_NWPP,182200,3828259,0.5663,28580,0.95,0.95,0.95,0.95,0.95,0.95,0.95,0.95,0.95,0.95,1,0,-1,0,0,0,0,0,0,0,800,230kV_double,100000,0.062,30
,66,0,0,1,0,0,0,0,0,0,0,0,0,0,0,0,0,0,0,0,0,0,0,0,-1,0,0,0,0,CASO_to_SRSG,70425,1479714,0.2318,43540,0.95,0.95,0.95,0.95,0.95,0.95,0.95,0.95,0.95,0.95,1,-1,0,0,0,0,0,0,0,0,800,230kV_double,100000,0.062,30
,67,0,0,0,1,0,0,0,0,0,0,0,0,0,0,0,0,0,0,0,0,0,0,-1,0,0,0,0,0,FRCC_to_SRSE,80111,1683240,0.2167,36000,0.95,0.95,0.95,0.95,0.95,0.95,0.95,0.95,0.95,0.95,0,0,0,0,0,0,0,0,0,0,800,230kV_double,100000,0.062,30
,68,0,0,0,0,1,0,0,0,0,0,-1,0,0,0,0,0,0,0,0,0,0,0,0,0,0,0,0,0,ISNE_to_NYCW,113178,2378021,0.0721,10000,0.95,0.95,0.95,0.95,0.95,0.95,0.95,0.95,0.95,0.95,0,0,0,0,0,0,0,0,-1,1,800,230kV_double,100000,0.062,30
,69,0,0,0,0,1,0,0,0,0,0,0,-1,0,0,0,0,0,0,0,0,0,0,0,0,0,0,0,0,ISNE_to_NYUP,56147,1179714,0.1191,14000,0.95,0.95,0.95,0.95,0.95,0.95,0.95,0.95,0.95,0.95,0,0,0,0,0,0,0,0,-1,1,800,230kV_double,100000,0.062,30
,70,0,0,0,0,0,1,-1,0,0,0,0,0,0,0,0,0,0,0,0,0,0,0,0,0,0,0,0,0,MISC_to_MISE,64023,1345203,0.1666,10000,0.95,0.95,0.95,0.95,0.95,0.95,0.95,0.95,0.95,0.95,0,0,0,0,0,0,0,0,0,0,800,230kV_double,100000,0.062,30
,71,0,0,0,0,0,1,0,-1,0,0,0,0,0,0,0,0,0,0,0,0,0,0,0,0,0,0,0,0,MISC_to_MISS,112230,2358096,0.3943,10390,0.95,0.95,0.95,0.95,0.95,0.95,0.95,0.95,0.95,0.95,0,0,0,0,0,0,0,0,0,0,800,230kV_double,100000,0.062,30
,72,0,0,0,0,0,1,0,0,-1,0,0,0,0,0,0,0,0,0,0,0,0,0,0,0,0,0,0,0,MISC_to_MISW,96091,2018997,0.2289,16550,0.95,0.95,0.95,0.95,0.95,0.95,0.95,0.95,0.95,0.95,0,0,0,0,0,0,0,0,0,0,800,230kV_double,100000,0.062,30
,73,0,0,0,0,0,1,0,0,0,0,0,0,-1,0,0,0,0,0,0,0,0,0,0,0,0,0,0,0,MISC_to_PJMC,40548,851960,0.1155,52440,0.95,0.95,0.95,0.95,0.95,0.95,0.95,0.95,0.95,0.95,0,0,0,0,0,1,0,-1,0,0,800,230kV_double,100000,0.062,30
,74,0,0,0,0,0,1,0,0,0,0,0,0,0,0,0,-1,0,0,0,0,0,0,0,0,0,0,0,0,MISC_to_PJMW,46301,972839,0.1192,54410,0.95,0.95,0.95,0.95,0.95,0.95,0.95,0.95,0.95,0.95,0,0,0,0,0,1,0,-1,0,0,800,230kV_double,100000,0.062,30
,75,0,0,0,0,0,1,0,0,0,0,0,0,0,0,0,0,0,-1,0,0,0,0,0,0,0,0,0,0,MISC_to_SPPC,47720,1002660,0.1397,14300,0.95,0.95,0.95,0.95,0.95,0.95,0.95,0.95,0.95,0.95,0,0,0,-1,0,1,0,0,0,0,800,230kV_double,100000,0.062,30
,76,0,0,0,0,0,1,0,0,0,0,0,0,0,0,0,0,0,0,-1,0,0,0,0,0,0,0,0,0,MISC_to_SPPN,67634,1421078,0.2169,10000,0.95,0.95,0.95,0.95,0.95,0.95,0.95,0.95,0.95,0.95,0,0,0,-1,0,1,0,0,0,0,800,230kV_double,100000,0.062,30
,77,0,0,0,0,0,1,0,0,0,0,0,0,0,0,0,0,0,0,0,-1,0,0,0,0,0,0,0,0,MISC_to_SPPS,86625,1820096,0.3016,11720,0.95,0.95,0.95,0.95,0.95,0.95,0.95,0.95,0.95,0.95,0,0,0,-1,0,1,0,0,0,0,800,230kV_double,100000,0.062,30
,78,0,0,0,0,0,1,0,0,0,0,0,0,0,0,0,0,0,0,0,0,0,-1,0,0,0,0,0,0,MISC_to_SRCE,52556,1104264,0.1006,37450,0.95,0.95,0.95,0.95,0.95,0.95,0.95,0.95,0.95,0.95,0,0,0,0,0,1,-1,0,0,0,800,230kV_double,100000,0.062,30
,79,0,0,0,0,0,0,1,0,-1,0,0,0,0,0,0,0,0,0,0,0,0,0,0,0,0,0,0,0,MISE_to_MISW,110757,2327146,0.2428,10000,0.95,0.95,0.95,0.95,0.95,0.95,0.95,0.95,0.95,0.95,0,0,0,0,0,0,0,0,0,0,800,230kV_double,100000,0.062,30
,80,0,0,0,0,0,0,1,0,0,0,0,0,0,0,0,-1,0,0,0,0,0,0,0,0,0,0,0,0,MISE_to_PJMW,56217,1181200,0.1566,26620,0.95,0.95,0.95,0.95,0.95,0.95,0.95,0.95,0.95,0.95,0,0,0,0,0,1,0,-1,0,0,800,230kV_double,100000,0.062,30
,81,0,0,0,0,0,0,0,1,0,0,0,0,0,0,0,0,0,-1,0,0,0,0,0,0,0,0,0,0,MISS_to_SPPC,108849,2287048,0.4372,10000,0.95,0.95,0.95,0.95,0.95,0.95,0.95,0.95,0.95,0.95,0,0,0,-1,0,1,0,0,0,0,800,230kV_double,100000,0.062,30
,82,0,0,0,0,0,0,0,1,0,0,0,0,0,0,0,0,0,0,0,-1,0,0,0,0,0,0,0,0,MISS_to_SPPS,91568,1923956,0.3747,16970,0.95,0.95,0.95,0.95,0.95,0.95,0.95,0.95,0.95,0.95,0,0,0,-1,0,1,0,0,0,0,800,230kV_double,100000,0.062,30
,83,0,0,0,0,0,0,0,1,0,0,0,0,0,0,0,0,0,0,0,0,0,-1,0,0,0,0,0,0,MISS_to_SRCE,72491,1523129,0.2372,40920,0.95,0.95,0.95,0.95,0.95,0.95,0.95,0.95,0.95,0.95,0,0,0,0,0,1,-1,0,0,0,800,230kV_double,100000,0.062,30
,84,0,0,0,0,0,0,0,1,0,0,0,0,0,0,0,0,0,0,0,0,0,0,-1,0,0,0,0,0,MISS_to_SRSE,79967,1680200,0.2144,10000,0.95,0.95,0.95,0.95,0.95,0.95,0.95,0.95,0.95,0.95,0,0,0,0,0,1,-1,0,0,0,800,230kV_double,100000,0.062,30
,85,0,0,0,0,0,0,0,0,1,-1,0,0,0,0,0,0,0,0,0,0,0,0,0,0,0,0,0,0,MISW_to_NWPP,303332,6373387,1.0628,10000,0.95,0.95,0.95,0.95,0.95,0.95,0.95,0.95,0.95,0.95,0,0,-1,0,0,1,0,0,0,0,800,230kV_double,100000,0.062,30
,86,0,0,0,0,0,0,0,0,1,0,0,0,-1,0,0,0,0,0,0,0,0,0,0,0,0,0,0,0,MISW_to_PJMC,39577,831556,0.0557,32000,0.95,0.95,0.95,0.95,0.95,0.95,0.95,0.95,0.95,0.95,0,0,0,0,0,1,0,-1,0,0,800,230kV_double,100000,0.062,30
,87,0,0,0,0,0,0,0,0,1,0,0,0,0,0,0,0,0,-1,0,0,0,0,0,0,0,0,0,0,MISW_to_SPPC,90149,1894136,0.2693,10000,0.95,0.95,0.95,0.95,0.95,0.95,0.95,0.95,0.95,0.95,0,0,0,-1,0,1,0,0,0,0,800,230kV_double,100000,0.062,30
,88,0,0,0,0,0,0,0,0,1,0,0,0,0,0,0,0,0,0,-1,0,0,0,0,0,0,0,0,0,MISW_to_SPPN,73259,1539267,0.2067,55120,0.95,0.95,0.95,0.95,0.95,0.95,0.95,0.95,0.95,0.95,0,0,0,-1,0,1,0,0,0,0,800,230kV_double,100000,0.062,30
,89,0,0,0,0,0,0,0,0,0,1,0,0,0,0,0,0,-1,0,0,0,0,0,0,0,0,0,0,0,NWPP_to_RMRG,200113,4204632,0.7034,10000,0.95,0.95,0.95,0.95,0.95,0.95,0.95,0.95,0.95,0.95,0,0,0,0,0,0,0,0,0,0,800,230kV_double,100000,0.062,30
,90,0,0,0,0,0,0,0,0,0,0,1,-1,0,0,0,0,0,0,0,0,0,0,0,0,0,0,0,0,NYCW_to_NYUP,85670,1800029,0.0834,24890,0.95,0.95,0.95,0.95,0.95,0.95,0.95,0.95,0.95,0.95,0,0,0,0,0,0,0,0,0,0,800,230kV_double,100000,0.062,30
,91,0,0,0,0,0,0,0,0,0,0,1,0,0,0,-1,0,0,0,0,0,0,0,0,0,0,0,0,0,NYCW_to_PJME,54862,1152711,0.028,10000,0.95,0.95,0.95,0.95,0.95,0.95,0.95,0.95,0.95,0.95,0,0,0,0,0,0,0,-1,1,0,800,230kV_double,100000,0.062,30
,92,0,0,0,0,0,0,0,0,0,0,0,1,0,0,-1,0,0,0,0,0,0,0,0,0,0,0,0,0,NYUP_to_PJME,41793,878123,0.0825,12550,0.95,0.95,0.95,0.95,0.95,0.95,0.95,0.95,0.95,0.95,0,0,0,0,0,0,0,-1,1,0,800,230kV_double,100000,0.062,30
,93,0,0,0,0,0,0,0,0,0,0,0,0,1,0,0,-1,0,0,0,0,0,0,0,0,0,0,0,0,PJMC_to_PJMW,43811,920524,0.1677,10000,0.95,0.95,0.95,0.95,0.95,0.95,0.95,0.95,0.95,0.95,0,0,0,0,0,0,0,0,0,0,800,230kV_double,100000,0.062,30
,94,0,0,0,0,0,0,0,0,0,0,0,0,0,1,-1,0,0,0,0,0,0,0,0,0,0,0,0,0,PJMD_to_PJME,23005,483362,0.0481,12000,0.95,0.95,0.95,0.95,0.95,0.95,0.95,0.95,0.95,0.95,0,0,0,0,0,0,0,0,0,0,800,230kV_double,100000,0.062,30
,95,0,0,0,0,0,0,0,0,0,0,0,0,0,1,0,-1,0,0,0,0,0,0,0,0,0,0,0,0,PJMD_to_PJMW,61318,1288375,0.1707,69300,0.95,0.95,0.95,0.95,0.95,0.95,0.95,0.95,0.95,0.95,0,0,0,0,0,0,0,0,0,0,800,230kV_double,100000,0.062,30
,96,0,0,0,0,0,0,0,0,0,0,0,0,0,1,0,0,0,0,0,0,-1,0,0,0,0,0,0,0,PJMD_to_SRCA,54807,1151562,0.1816,10000,0.95,0.95,0.95,0.95,0.95,0.95,0.95,0.95,0.95,0.95,0,0,0,0,0,0,-1,1,0,0,800,230kV_double,100000,0.062,30
,97,0,0,0,0,0,0,0,0,0,0,0,0,0,0,1,-1,0,0,0,0,0,0,0,0,0,0,0,0,PJME_to_PJMW,63328,1330596,0.167,38850,0.95,0.95,0.95,0.95,0.95,0.95,0.95,0.95,0.95,0.95,0,0,0,0,0,0,0,0,0,0,800,230kV_double,100000,0.062,30
,98,0,0,0,0,0,0,0,0,0,0,0,0,0,0,0,1,0,0,0,0,-1,0,0,0,0,0,0,0,PJMW_to_SRCA,101923,2141527,0.3113,12190,0.95,0.95,0.95,0.95,0.95,0.95,0.95,0.95,0.95,0.95,0,0,0,0,0,0,-1,1,0,0,800,230kV_double,100000,0.062,30
,99,0,0,0,0,0,0,0,0,0,0,0,0,0,0,0,1,0,0,0,0,0,-1,0,0,0,0,0,0,PJMW_to_SRCE,47878,1005971,0.1101,33330,0.95,0.95,0.95,0.95,0.95,0.95,0.95,0.95,0.95,0.95,0,0,0,0,0,0,-1,1,0,0,800,230kV_double,100000,0.062,30
,100,0,0,0,0,0,0,0,0,0,0,0,0,0,0,0,0,1,-1,0,0,0,0,0,0,0,0,0,0,RMRG_to_SPPC,72852,1530712,0.3239,10000,0.95,0.95,0.95,0.95,0.95,0.95,0.95,0.95,0.95,0.95,0,0,1,-1,0,0,0,0,0,0,800,230kV_double,100000,0.062,30
,101,0,0,0,0,0,0,0,0,0,0,0,0,0,0,0,0,1,0,-1,0,0,0,0,0,0,0,0,0,RMRG_to_SPPN,60387,1268797,0.2699,10000,0.95,0.95,0.95,0.95,0.95,0.95,0.95,0.95,0.95,0.95,0,0,1,-1,0,0,0,0,0,0,800,230kV_double,100000,0.062,30
,102,0,0,0,0,0,0,0,0,0,0,0,0,0,0,0,0,1,0,0,0,0,0,0,-1,0,0,0,0,RMRG_to_SRSG,119661,2514232,0.5021,10000,0.95,0.95,0.95,0.95,0.95,0.95,0.95,0.95,0.95,0.95,0,-1,1,0,0,0,0,0,0,0,800,230kV_double,100000,0.062,30
,103,0,0,0,0,0,0,0,0,0,0,0,0,0,0,0,0,0,1,-1,0,0,0,0,0,0,0,0,0,SPPC_to_SPPN,22283,468195,0.0903,14330,0.95,0.95,0.95,0.95,0.95,0.95,0.95,0.95,0.95,0.95,0,0,0,0,0,0,0,0,0,0,800,230kV_double,100000,0.062,30
,104,0,0,0,0,0,0,0,0,0,0,0,0,0,0,0,0,0,1,0,-1,0,0,0,0,0,0,0,0,SPPC_to_SPPS,37345,784674,0.1574,33720,0.95,0.95,0.95,0.95,0.95,0.95,0.95,0.95,0.95,0.95,0,0,0,0,0,0,0,0,0,0,800,230kV_double,100000,0.062,30
,105,0,0,0,0,0,0,0,0,0,0,0,0,0,0,0,0,0,0,1,-1,0,0,0,0,0,0,0,0,SPPN_to_SPPS,54406,1143149,0.235,10000,0.95,0.95,0.95,0.95,0.95,0.95,0.95,0.95,0.95,0.95,0,0,0,0,0,0,0,0,0,0,800,230kV_double,100000,0.062,30
,106,0,0,0,0,0,0,0,0,0,0,0,0,0,0,0,0,0,0,0,1,0,0,0,-1,0,0,0,0,SPPS_to_SRSG,119294,2506511,0.5294,10100,0.95,0.95,0.95,0.95,0.95,0.95,0.95,0.95,0.95,0.95,0,-1,0,1,0,0,0,0,0,0,800,230kV_double,100000,0.062,30
,107,0,0,0,0,0,0,0,0,0,0,0,0,0,0,0,0,0,0,0,1,0,0,0,0,-1,0,0,0,SPPS_to_TRE,39129,822147,0.1178,10000,0.95,0.95,0.95,0.95,0.95,0.95,0.95,0.95,0.95,0.95,0,0,0,1,-1,0,0,0,0,0,800,230kV_double,100000,0.062,30
,108,0,0,0,0,0,0,0,0,0,0,0,0,0,0,0,0,0,0,0,1,0,0,0,0,0,-1,0,0,SPPS_to_TRE_WEST,44973,944950,0.2056,10000,0.95,0.95,0.95,0.95,0.95,0.95,0.95,0.95,0.95,0.95,0,0,0,1,-1,0,0,0,0,0,800,230kV_double,100000,0.062,30
,109,0,0,0,0,0,0,0,0,0,0,0,0,0,0,0,0,0,0,0,0,1,-1,0,0,0,0,0,0,SRCA_to_SRCE,109296,2296445,0.2845,10000,0.95,0.95,0.95,0.95,0.95,0.95,0.95,0.95,0.95,0.95,0,0,0,0,0,0,0,0,0,0,800,230kV_double,100000,0.062,30
,110,0,0,0,0,0,0,0,0,0,0,0,0,0,0,0,0,0,0,0,0,1,0,-1,0,0,0,0,0,SRCA_to_SRSE,75273,1581581,0.1886,14000,0.95,0.95,0.95,0.95,0.95,0.95,0.95,0.95,0.95,0.95,0,0,0,0,0,0,0,0,0,0,800,230kV_double,100000,0.062,30
,111,0,0,0,0,0,0,0,0,0,0,0,0,0,0,0,0,0,0,0,0,0,1,-1,0,0,0,0,0,SRCE_to_SRSE,65355,1373198,0.131,31960,0.95,0.95,0.95,0.95,0.95,0.95,0.95,0.95,0.95,0.95,0,0,0,0,0,0,0,0,0,0,800,230kV_double,100000,0.062,30
,112,0,0,0,0,0,0,0,0,0,0,0,0,0,0,0,0,0,0,0,0,0,0,0,0,1,-1,0,0,TRE_to_TRE_WEST,51491,1081892,0.1847,165290,0.95,0.95,0.95,0.95,0.95,0.95,0.95,0.95,0.95,0.95,0,0,0,0,0,0,0,0,0,0,800,230kV_double,100000,0.062,30
,113,0,0,0,0,0,0,0,0,0,1,0,0,0,0,0,0,0,0,-1,0,0,0,0,0,0,0,0,0,NWPP_to_SPPN,248466,5220591,0.9257,10000,0.95,0.95,0.95,0.95,0.95,0.95,0.95,0.95,0.95,0.95,0,0,1,-1,0,0,0,0,0,0,800,230kV_double,100000,0.062,30
,114,0,0,0,0,0,0,0,0,0,0,0,0,0,0,0,0,0,0,0,0,0,0,0,1,-1,0,0,0,SRSG_to_TRE,129357,2717962,0.5296,10000,0.95,0.95,0.95,0.95,0.95,0.95,0.95,0.95,0.95,0.95,0,1,0,0,-1,0,0,0,0,0,800,230kV_double,100000,0.062,30
,115,1,-1,0,0,0,0,0,0,0,0,0,0,0,0,0,0,0,0,0,0,0,0,0,0,0,0,0,0,BASN_to_CANO,161786,3399326,0.3804,10000,0.95,0.95,0.95,0.95,0.95,0.95,0.95,0.95,0.95,0.95,-1,0,1,0,0,0,0,0,0,0,400,230kV_single,100000,0.062,30
,116,1,0,-1,0,0,0,0,0,0,0,0,0,0,0,0,0,0,0,0,0,0,0,0,0,0,0,0,0,BASN_to_CASO,93918,1973344,0.1865,59200,0.95,0.95,0.95,0.95,0.95,0.95,0.95,0.95,0.95,0.95,-1,0,1,0,0,0,0,0,0,0,400,230kV_single,100000,0.062,30
,117,1,0,0,0,0,0,0,0,0,-1,0,0,0,0,0,0,0,0,0,0,0,0,0,0,0,0,0,0,BASN_to_NWPP,212059,4455639,0.4942,33500,0.95,0.95,0.95,0.95,0.95,0.95,0.95,0.95,0.95,0.95,0,0,0,0,0,0,0,0,0,0,400,230kV_single,100000,0.062,30
,118,1,0,0,0,0,0,0,0,0,0,0,0,0,0,0,0,-1,0,0,0,0,0,0,0,0,0,0,0,BASN_to_RMRG,135872,2854854,0.3339,37500,0.95,0.95,0.95,0.95,0.95,0.95,0.95,0.95,0.95,0.95,0,0,0,0,0,0,0,0,0,0,400,230kV_single,100000,0.062,30
,119,1,0,0,0,0,0,0,0,0,0,0,0,0,0,0,0,0,0,0,0,0,0,0,-1,0,0,0,0,BASN_to_SRSG,108229,2274032,0.2364,53850,0.95,0.95,0.95,0.95,0.95,0.95,0.95,0.95,0.95,0.95,0,-1,1,0,0,0,0,0,0,0,400,230kV_single,100000,0.062,30
,120,0,1,-1,0,0,0,0,0,0,0,0,0,0,0,0,0,0,0,0,0,0,0,0,0,0,0,0,0,CANO_to_CASO,120579,2533515,0.2346,36750,0.95,0.95,0.95,0.95,0.95,0.95,0.95,0.95,0.95,0.95,0,0,0,0,0,0,0,0,0,0,400,230kV_single,100000,0.062,30
,121,0,1,0,0,0,0,0,0,0,-1,0,0,0,0,0,0,0,0,0,0,0,0,0,0,0,0,0,0,CANO_to_NWPP,155743,3272367,0.3809,36750,0.95,0.95,0.95,0.95,0.95,0.95,0.95,0.95,0.95,0.95,1,0,-1,0,0,0,0,0,0,0,400,230kV_single,100000,0.062,30
,122,0,0,1,0,0,0,0,0,0,-1,0,0,0,0,0,0,0,0,0,0,0,0,0,0,0,0,0,0,CASO_to_NWPP,227005,4769662,0.5663,28580,0.95,0.95,0.95,0.95,0.95,0.95,0.95,0.95,0.95,0.95,1,0,-1,0,0,0,0,0,0,0,400,230kV_single,100000,0.062,30
,123,0,0,1,0,0,0,0,0,0,0,0,0,0,0,0,0,0,0,0,0,0,0,0,-1,0,0,0,0,CASO_to_SRSG,87916,1847222,0.2318,43540,0.95,0.95,0.95,0.95,0.95,0.95,0.95,0.95,0.95,0.95,1,-1,0,0,0,0,0,0,0,0,400,230kV_single,100000,0.062,30
,124,0,0,0,1,0,0,0,0,0,0,0,0,0,0,0,0,0,0,0,0,0,0,-1,0,0,0,0,0,FRCC_to_SRSE,92636,1946393,0.2167,36000,0.95,0.95,0.95,0.95,0.95,0.95,0.95,0.95,0.95,0.95,0,0,0,0,0,0,0,0,0,0,400,230kV_single,100000,0.062,30
,125,0,0,0,0,1,0,0,0,0,0,-1,0,0,0,0,0,0,0,0,0,0,0,0,0,0,0,0,0,ISNE_to_NYCW,145860,3064714,0.0721,10000,0.95,0.95,0.95,0.95,0.95,0.95,0.95,0.95,0.95,0.95,0,0,0,0,0,0,0,0,-1,1,400,230kV_single,100000,0.062,30
,126,0,0,0,0,1,0,0,0,0,0,0,-1,0,0,0,0,0,0,0,0,0,0,0,0,0,0,0,0,ISNE_to_NYUP,64442,1354016,0.1191,14000,0.95,0.95,0.95,0.95,0.95,0.95,0.95,0.95,0.95,0.95,0,0,0,0,0,0,0,0,-1,1,400,230kV_single,100000,0.062,30
,127,0,0,0,0,0,1,-1,0,0,0,0,0,0,0,0,0,0,0,0,0,0,0,0,0,0,0,0,0,MISC_to_MISE,71829,1509220,0.1666,10000,0.95,0.95,0.95,0.95,0.95,0.95,0.95,0.95,0.95,0.95,0,0,0,0,0,0,0,0,0,0,400,230kV_single,100000,0.062,30
,128,0,0,0,0,0,1,0,-1,0,0,0,0,0,0,0,0,0,0,0,0,0,0,0,0,0,0,0,0,MISC_to_MISS,137067,2879958,0.3943,10390,0.95,0.95,0.95,0.95,0.95,0.95,0.95,0.95,0.95,0.95,0,0,0,0,0,0,0,0,0,0,400,230kV_single,100000,0.062,30
,129,0,0,0,0,0,1,0,0,-1,0,0,0,0,0,0,0,0,0,0,0,0,0,0,0,0,0,0,0,MISC_to_MISW,110678,2325493,0.2289,16550,0.95,0.95,0.95,0.95,0.95,0.95,0.95,0.95,0.95,0.95,0,0,0,0,0,0,0,0,0,0,400,230kV_single,100000,0.062,30
,130,0,0,0,0,0,1,0,0,0,0,0,0,-1,0,0,0,0,0,0,0,0,0,0,0,0,0,0,0,MISC_to_PJMC,46285,972514,0.1155,52440,0.95,0.95,0.95,0.95,0.95,0.95,0.95,0.95,0.95,0.95,0,0,0,0,0,1,0,-1,0,0,400,230kV_single,100000,0.062,30
,131,0,0,0,0,0,1,0,0,0,0,0,0,0,0,0,-1,0,0,0,0,0,0,0,0,0,0,0,0,MISC_to_PJMW,49913,1048743,0.1192,54410,0.95,0.95,0.95,0.95,0.95,0.95,0.95,0.95,0.95,0.95,0,0,0,0,0,1,0,-1,0,0,400,230kV_single,100000,0.062,30
,132,0,0,0,0,0,1,0,0,0,0,0,0,0,0,0,0,0,-1,0,0,0,0,0,0,0,0,0,0,MISC_to_SPPC,55066,1157015,0.1397,14300,0.95,0.95,0.95,0.95,0.95,0.95,0.95,0.95,0.95,0.95,0,0,0,-1,0,1,0,0,0,0,400,230kV_single,100000,0.062,30
,133,0,0,0,0,0,1,0,0,0,0,0,0,0,0,0,0,0,0,-1,0,0,0,0,0,0,0,0,0,MISC_to_SPPN,79995,1680800,0.2169,10000,0.95,0.95,0.95,0.95,0.95,0.95,0.95,0.95,0.95,0.95,0,0,0,-1,0,1,0,0,0,0,400,230kV_single,100000,0.062,30
,134,0,0,0,0,0,1,0,0,0,0,0,0,0,0,0,0,0,0,0,-1,0,0,0,0,0,0,0,0,MISC_to_SPPS,104064,2186521,0.3016,11720,0.95,0.95,0.95,0.95,0.95,0.95,0.95,0.95,0.95,0.95,0,0,0,-1,0,1,0,0,0,0,400,230kV_single,100000,0.062,30
,135,0,0,0,0,0,1,0,0,0,0,0,0,0,0,0,0,0,0,0,0,0,-1,0,0,0,0,0,0,MISC_to_SRCE,56376,1184535,0.1006,37450,0.95,0.95,0.95,0.95,0.95,0.95,0.95,0.95,0.95,0.95,0,0,0,0,0,1,-1,0,0,0,400,230kV_single,100000,0.062,30
,136,0,0,0,0,0,0,1,0,-1,0,0,0,0,0,0,0,0,0,0,0,0,0,0,0,0,0,0,0,MISE_to_MISW,133227,2799259,0.2428,10000,0.95,0.95,0.95,0.95,0.95,0.95,0.95,0.95,0.95,0.95,0,0,0,0,0,0,0,0,0,0,400,230kV_single,100000,0.062,30
,137,0,0,0,0,0,0,1,0,0,0,0,0,0,0,0,-1,0,0,0,0,0,0,0,0,0,0,0,0,MISE_to_PJMW,63856,1341687,0.1566,26620,0.95,0.95,0.95,0.95,0.95,0.95,0.95,0.95,0.95,0.95,0,0,0,0,0,1,0,-1,0,0,400,230kV_single,100000,0.062,30
,138,0,0,0,0,0,0,0,1,0,0,0,0,0,0,0,0,0,-1,0,0,0,0,0,0,0,0,0,0,MISS_to_SPPC,136530,2868668,0.4372,10000,0.95,0.95,0.95,0.95,0.95,0.95,0.95,0.95,0.95,0.95,0,0,0,-1,0,1,0,0,0,0,400,230kV_single,100000,0.062,30
,139,0,0,0,0,0,0,0,1,0,0,0,0,0,0,0,0,0,0,0,-1,0,0,0,0,0,0,0,0,MISS_to_SPPS,115908,2435380,0.3747,16970,0.95,0.95,0.95,0.95,0.95,0.95,0.95,0.95,0.95,0.95,0,0,0,-1,0,1,0,0,0,0,400,230kV_single,100000,0.062,30
,140,0,0,0,0,0,0,0,1,0,0,0,0,0,0,0,0,0,0,0,0,0,-1,0,0,0,0,0,0,MISS_to_SRCE,86443,1816279,0.2372,40920,0.95,0.95,0.95,0.95,0.95,0.95,0.95,0.95,0.95,0.95,0,0,0,0,0,1,-1,0,0,0,400,230kV_single,100000,0.062,30
,141,0,0,0,0,0,0,0,1,0,0,0,0,0,0,0,0,0,0,0,0,0,0,-1,0,0,0,0,0,MISS_to_SRSE,96737,2032574,0.2144,10000,0.95,0.95,0.95,0.95,0.95,0.95,0.95,0.95,0.95,0.95,0,0,0,0,0,1,-1,0,0,0,400,230kV_single,100000,0.062,30
,142,0,0,0,0,0,0,0,0,1,-1,0,0,0,0,0,0,0,0,0,0,0,0,0,0,0,0,0,0,MISW_to_NWPP,367555,7722801,1.0628,10000,0.95,0.95,0.95,0.95,0.95,0.95,0.95,0.95,0.95,0.95,0,0,-1,0,0,1,0,0,0,0,400,230kV_single,100000,0.062,30
,143,0,0,0,0,0,0,0,0,1,0,0,0,-1,0,0,0,0,0,0,0,0,0,0,0,0,0,0,0,MISW_to_PJMC,42002,882511,0.0557,32000,0.95,0.95,0.95,0.95,0.95,0.95,0.95,0.95,0.95,0.95,0,0,0,0,0,1,0,-1,0,0,400,230kV_single,100000,0.062,30
,144,0,0,0,0,0,0,0,0,1,0,0,0,0,0,0,0,0,-1,0,0,0,0,0,0,0,0,0,0,MISW_to_SPPC,106267,2232811,0.2693,10000,0.95,0.95,0.95,0.95,0.95,0.95,0.95,0.95,0.95,0.95,0,0,0,-1,0,1,0,0,0,0,400,230kV_single,100000,0.062,30
,145,0,0,0,0,0,0,0,0,1,0,0,0,0,0,0,0,0,0,-1,0,0,0,0,0,0,0,0,0,MISW_to_SPPN,84900,1783851,0.2067,55120,0.95,0.95,0.95,0.95,0.95,0.95,0.95,0.95,0.95,0.95,0,0,0,-1,0,1,0,0,0,0,400,230kV_single,100000,0.062,30
,146,0,0,0,0,0,0,0,0,0,1,0,0,0,0,0,0,-1,0,0,0,0,0,0,0,0,0,0,0,NWPP_to_RMRG,247779,5206143,0.7034,10000,0.95,0.95,0.95,0.95,0.95,0.95,0.95,0.95,0.95,0.95,0,0,0,0,0,0,0,0,0,0,400,230kV_single,100000,0.062,30
,147,0,0,0,0,0,0,0,0,0,0,1,-1,0,0,0,0,0,0,0,0,0,0,0,0,0,0,0,0,NYCW_to_NYUP,93865,1972213,0.0834,24890,0.95,0.95,0.95,0.95,0.95,0.95,0.95,0.95,0.95,0.95,0,0,0,0,0,0,0,0,0,0,400,230kV_single,100000,0.062,30
,148,0,0,0,0,0,0,0,0,0,0,1,0,0,0,-1,0,0,0,0,0,0,0,0,0,0,0,0,0,NYCW_to_PJME,54983,1155257,0.028,10000,0.95,0.95,0.95,0.95,0.95,0.95,0.95,0.95,0.95,0.95,0,0,0,0,0,0,0,-1,1,0,400,230kV_single,100000,0.062,30
,149,0,0,0,0,0,0,0,0,0,0,0,1,0,0,-1,0,0,0,0,0,0,0,0,0,0,0,0,0,NYUP_to_PJME,45537,956791,0.0825,12550,0.95,0.95,0.95,0.95,0.95,0.95,0.95,0.95,0.95,0.95,0,0,0,0,0,0,0,-1,1,0,400,230kV_single,100000,0.062,30
,150,0,0,0,0,0,0,0,0,0,0,0,0,1,0,0,-1,0,0,0,0,0,0,0,0,0,0,0,0,PJMC_to_PJMW,51939,1091298,0.1677,10000,0.95,0.95,0.95,0.95,0.95,0.95,0.95,0.95,0.95,0.95,0,0,0,0,0,0,0,0,0,0,400,230kV_single,100000,0.062,30
,151,0,0,0,0,0,0,0,0,0,0,0,0,0,1,-1,0,0,0,0,0,0,0,0,0,0,0,0,0,PJMD_to_PJME,24382,512297,0.0481,12000,0.95,0.95,0.95,0.95,0.95,0.95,0.95,0.95,0.95,0.95,0,0,0,0,0,0,0,0,0,0,400,230kV_single,100000,0.062,30
,152,0,0,0,0,0,0,0,0,0,0,0,0,0,1,0,-1,0,0,0,0,0,0,0,0,0,0,0,0,PJMD_to_PJMW,71774,1508063,0.1707,69300,0.95,0.95,0.95,0.95,0.95,0.95,0.95,0.95,0.95,0.95,0,0,0,0,0,0,0,0,0,0,400,230kV_single,100000,0.062,30
,153,0,0,0,0,0,0,0,0,0,0,0,0,0,1,0,0,0,0,0,0,-1,0,0,0,0,0,0,0,PJMD_to_SRCA,61655,1295456,0.1816,10000,0.95,0.95,0.95,0.95,0.95,0.95,0.95,0.95,0.95,0.95,0,0,0,0,0,0,-1,1,0,0,400,230kV_single,100000,0.062,30
,154,0,0,0,0,0,0,0,0,0,0,0,0,0,0,1,-1,0,0,0,0,0,0,0,0,0,0,0,0,PJME_to_PJMW,75262,1581342,0.167,38850,0.95,0.95,0.95,0.95,0.95,0.95,0.95,0.95,0.95,0.95,0,0,0,0,0,0,0,0,0,0,400,230kV_single,100000,0.062,30
,155,0,0,0,0,0,0,0,0,0,0,0,0,0,0,0,1,0,0,0,0,-1,0,0,0,0,0,0,0,PJMW_to_SRCA,120616,2534297,0.3113,12190,0.95,0.95,0.95,0.95,0.95,0.95,0.95,0.95,0.95,0.95,0,0,0,0,0,0,-1,1,0,0,400,230kV_single,100000,0.062,30
,156,0,0,0,0,0,0,0,0,0,0,0,0,0,0,0,1,0,0,0,0,0,-1,0,0,0,0,0,0,PJMW_to_SRCE,51623,1084660,0.1101,33330,0.95,0.95,0.95,0.95,0.95,0.95,0.95,0.95,0.95,0.95,0,0,0,0,0,0,-1,1,0,0,400,230kV_single,100000,0.062,30
,157,0,0,0,0,0,0,0,0,0,0,0,0,0,0,0,0,1,-1,0,0,0,0,0,0,0,0,0,0,RMRG_to_SPPC,91420,1920861,0.3239,10000,0.95,0.95,0.95,0.95,0.95,0.95,0.95,0.95,0.95,0.95,0,0,1,-1,0,0,0,0,0,0,400,230kV_single,100000,0.062,30
,158,0,0,0,0,0,0,0,0,0,0,0,0,0,0,0,0,1,0,-1,0,0,0,0,0,0,0,0,0,RMRG_to_SPPN,75547,1587349,0.2699,10000,0.95,0.95,0.95,0.95,0.95,0.95,0.95,0.95,0.95,0.95,0,0,1,-1,0,0,0,0,0,0,400,230kV_single,100000,0.062,30
,159,0,0,0,0,0,0,0,0,0,0,0,0,0,0,0,0,1,0,0,0,0,0,0,-1,0,0,0,0,RMRG_to_SRSG,147472,3098576,0.5021,10000,0.95,0.95,0.95,0.95,0.95,0.95,0.95,0.95,0.95,0.95,0,-1,1,0,0,0,0,0,0,0,400,230kV_single,100000,0.062,30
,160,0,0,0,0,0,0,0,0,0,0,0,0,0,0,0,0,0,1,-1,0,0,0,0,0,0,0,0,0,SPPC_to_SPPN,28017,588663,0.0903,14330,0.95,0.95,0.95,0.95,0.95,0.95,0.95,0.95,0.95,0.95,0,0,0,0,0,0,0,0,0,0,400,230kV_single,100000,0.062,30
,161,0,0,0,0,0,0,0,0,0,0,0,0,0,0,0,0,0,1,0,-1,0,0,0,0,0,0,0,0,SPPC_to_SPPS,46847,984315,0.1574,33720,0.95,0.95,0.95,0.95,0.95,0.95,0.95,0.95,0.95,0.95,0,0,0,0,0,0,0,0,0,0,400,230kV_single,100000,0.062,30
,162,0,0,0,0,0,0,0,0,0,0,0,0,0,0,0,0,0,0,1,-1,0,0,0,0,0,0,0,0,SPPN_to_SPPS,68765,1444846,0.235,10000,0.95,0.95,0.95,0.95,0.95,0.95,0.95,0.95,0.95,0.95,0,0,0,0,0,0,0,0,0,0,400,230kV_single,100000,0.062,30
,163,0,0,0,0,0,0,0,0,0,0,0,0,0,0,0,0,0,0,0,1,0,0,0,-1,0,0,0,0,SPPS_to_SRSG,145565,3058501,0.5294,10100,0.95,0.95,0.95,0.95,0.95,0.95,0.95,0.95,0.95,0.95,0,-1,0,1,0,0,0,0,0,0,400,230kV_single,100000,0.062,30
,164,0,0,0,0,0,0,0,0,0,0,0,0,0,0,0,0,0,0,0,1,0,0,0,0,-1,0,0,0,SPPS_to_TRE,46273,972259,0.1178,10000,0.95,0.95,0.95,0.95,0.95,0.95,0.95,0.95,0.95,0.95,0,0,0,1,-1,0,0,0,0,0,400,230kV_single,100000,0.062,30
,165,0,0,0,0,0,0,0,0,0,0,0,0,0,0,0,0,0,0,0,1,0,0,0,0,0,-1,0,0,SPPS_to_TRE_WEST,55965,1175903,0.2056,10000,0.95,0.95,0.95,0.95,0.95,0.95,0.95,0.95,0.95,0.95,0,0,0,1,-1,0,0,0,0,0,400,230kV_single,100000,0.062,30
,166,0,0,0,0,0,0,0,0,0,0,0,0,0,0,0,0,0,0,0,0,1,-1,0,0,0,0,0,0,SRCA_to_SRCE,128051,2690510,0.2845,10000,0.95,0.95,0.95,0.95,0.95,0.95,0.95,0.95,0.95,0.95,0,0,0,0,0,0,0,0,0,0,400,230kV_single,100000,0.062,30
,167,0,0,0,0,0,0,0,0,0,0,0,0,0,0,0,0,0,0,0,0,1,0,-1,0,0,0,0,0,SRCA_to_SRSE,85960,1806119,0.1886,14000,0.95,0.95,0.95,0.95,0.95,0.95,0.95,0.95,0.95,0.95,0,0,0,0,0,0,0,0,0,0,400,230kV_single,100000,0.062,30
,168,0,0,0,0,0,0,0,0,0,0,0,0,0,0,0,0,0,0,0,0,0,1,-1,0,0,0,0,0,SRCE_to_SRSE,72623,1525892,0.131,31960,0.95,0.95,0.95,0.95,0.95,0.95,0.95,0.95,0.95,0.95,0,0,0,0,0,0,0,0,0,0,400,230kV_single,100000,0.062,30
,169,0,0,0,0,0,0,0,0,0,0,0,0,0,0,0,0,0,0,0,0,0,0,0,0,1,-1,0,0,TRE_to_TRE_WEST,61546,1293151,0.1847,165290,0.95,0.95,0.95,0.95,0.95,0.95,0.95,0.95,0.95,0.95,0,0,0,0,0,0,0,0,0,0,400,230kV_single,100000,0.062,30
,170,0,0,0,0,0,0,0,0,0,1,0,0,0,0,0,0,0,0,-1,0,0,0,0,0,0,0,0,0,NWPP_to_SPPN,307040,6451304,0.9257,10000,0.95,0.95,0.95,0.95,0.95,0.95,0.95,0.95,0.95,0.95,0,0,1,-1,0,0,0,0,0,0,400,230kV_single,100000,0.062,30
,171,0,0,0,0,0,0,0,0,0,0,0,0,0,0,0,0,0,0,0,0,0,0,0,1,-1,0,0,0,SRSG_to_TRE,155315,3263370,0.5296,10000,0.95,0.95,0.95,0.95,0.95,0.95,0.95,0.95,0.95,0.95,0,1,0,0,-1,0,0,0,0,0,400,230kV_single,100000,0.062,30
,172,1,-1,0,0,0,0,0,0,0,0,0,0,0,0,0,0,0,0,0,0,0,0,0,0,0,0,0,0,BASN_to_CANO,117971,2478715,0.27,10000,0.95,0.95,0.95,0.95,0.95,0.95,0.95,0.95,0.95,0.95,-1,0,1,0,0,0,0,0,0,0,1500,345kV_double,100000,0.062,30
,173,1,0,-1,0,0,0,0,0,0,0,0,0,0,0,0,0,0,0,0,0,0,0,0,0,0,0,0,0,BASN_to_CASO,75717,1590914,0.1421,59200,0.95,0.95,0.95,0.95,0.95,0.95,0.95,0.95,0.95,0.95,-1,0,1,0,0,0,0,0,0,0,1500,345kV_double,100000,0.062,30
,174,1,0,0,0,0,0,0,0,0,-1,0,0,0,0,0,0,0,0,0,0,0,0,0,0,0,0,0,0,BASN_to_NWPP,157248,3303972,0.3413,33500,0.95,0.95,0.95,0.95,0.95,0.95,0.95,0.95,0.95,0.95,0,0,0,0,0,0,0,0,0,0,1500,345kV_double,100000,0.062,30
,175,1,0,0,0,0,0,0,0,0,0,0,0,0,0,0,0,-1,0,0,0,0,0,0,0,0,0,0,0,BASN_to_RMRG,101026,2122676,0.2316,37500,0.95,0.95,0.95,0.95,0.95,0.95,0.95,0.95,0.95,0.95,0,0,0,0,0,0,0,0,0,0,1500,345kV_double,100000,0.062,30
,176,1,0,0,0,0,0,0,0,0,0,0,0,0,0,0,0,0,0,0,0,0,0,0,-1,0,0,0,0,BASN_to_SRSG,86767,1823085,0.1864,53850,0.95,0.95,0.95,0.95,0.95,0.95,0.95,0.95,0.95,0.95,0,-1,1,0,0,0,0,0,0,0,1500,345kV_double,100000,0.062,30
,177,0,1,-1,0,0,0,0,0,0,0,0,0,0,0,0,0,0,0,0,0,0,0,0,0,0,0,0,0,CANO_to_CASO,74880,1573328,0.164,36750,0.95,0.95,0.95,0.95,0.95,0.95,0.95,0.95,0.95,0.95,0,0,0,0,0,0,0,0,0,0,1500,345kV_double,100000,0.062,30
,178,0,1,0,0,0,0,0,0,0,-1,0,0,0,0,0,0,0,0,0,0,0,0,0,0,0,0,0,0,CANO_to_NWPP,111455,2341802,0.2597,36750,0.95,0.95,0.95,0.95,0.95,0.95,0.95,0.95,0.95,0.95,1,0,-1,0,0,0,0,0,0,0,1500,345kV_double,100000,0.062,30
,179,0,0,1,0,0,0,0,0,0,-1,0,0,0,0,0,0,0,0,0,0,0,0,0,0,0,0,0,0,CASO_to_NWPP,151867,3190913,0.375,28580,0.95,0.95,0.95,0.95,0.95,0.95,0.95,0.95,0.95,0.95,1,0,-1,0,0,0,0,0,0,0,1500,345kV_double,100000,0.062,30
,180,0,0,1,0,0,0,0,0,0,0,0,0,0,0,0,0,0,0,0,0,0,0,0,-1,0,0,0,0,CASO_to_SRSG,60307,1267121,0.171,43540,0.95,0.95,0.95,0.95,0.95,0.95,0.95,0.95,0.95,0.95,1,-1,0,0,0,0,0,0,0,0,1500,345kV_double,100000,0.062,30
,181,0,0,0,1,0,0,0,0,0,0,0,0,0,0,0,0,0,0,0,0,0,0,-1,0,0,0,0,0,FRCC_to_SRSE,72007,1512964,0.1568,36000,0.95,0.95,0.95,0.95,0.95,0.95,0.95,0.95,0.95,0.95,0,0,0,0,0,0,0,0,0,0,1500,345kV_double,100000,0.062,30
,182,0,0,0,0,1,0,0,0,0,0,-1,0,0,0,0,0,0,0,0,0,0,0,0,0,0,0,0,0,ISNE_to_NYCW,97803,2054958,0.055,10000,0.95,0.95,0.95,0.95,0.95,0.95,0.95,0.95,0.95,0.95,0,0,0,0,0,0,0,0,-1,1,1500,345kV_double,100000,0.062,30
,183,0,0,0,0,1,0,0,0,0,0,0,-1,0,0,0,0,0,0,0,0,0,0,0,0,0,0,0,0,ISNE_to_NYUP,51428,1080561,0.103,14000,0.95,0.95,0.95,0.95,0.95,0.95,0.95,0.95,0.95,0.95,0,0,0,0,0,0,0,0,-1,1,1500,345kV_double,100000,0.062,30
,184,0,0,0,0,0,1,-1,0,0,0,0,0,0,0,0,0,0,0,0,0,0,0,0,0,0,0,0,0,MISC_to_MISE,58286,1224670,0.1243,10000,0.95,0.95,0.95,0.95,0.95,0.95,0.95,0.95,0.95,0.95,0,0,0,0,0,0,0,0,0,0,1500,345kV_double,100000,0.062,30
,185,0,0,0,0,0,1,0,-1,0,0,0,0,0,0,0,0,0,0,0,0,0,0,0,0,0,0,0,0,MISC_to_MISS,94429,1984083,0.2628,10390,0.95,0.95,0.95,0.95,0.95,0.95,0.95,0.95,0.95,0.95,0,0,0,0,0,0,0,0,0,0,1500,345kV_double,100000,0.062,30
,186,0,0,0,0,0,1,0,0,-1,0,0,0,0,0,0,0,0,0,0,0,0,0,0,0,0,0,0,0,MISC_to_MISW,86802,1823821,0.1709,16550,0.95,0.95,0.95,0.95,0.95,0.95,0.95,0.95,0.95,0.95,0,0,0,0,0,0,0,0,0,0,1500,345kV_double,100000,0.062,30
,187,0,0,0,0,0,1,0,0,0,0,0,0,-1,0,0,0,0,0,0,0,0,0,0,0,0,0,0,0,MISC_to_PJMC,36151,759570,0.084,52440,0.95,0.95,0.95,0.95,0.95,0.95,0.95,0.95,0.95,0.95,0,0,0,0,0,1,0,-1,0,0,1500,345kV_double,100000,0.062,30
,188,0,0,0,0,0,1,0,0,0,0,0,0,0,0,0,-1,0,0,0,0,0,0,0,0,0,0,0,0,MISC_to_PJMW,44100,926599,0.1035,54410,0.95,0.95,0.95,0.95,0.95,0.95,0.95,0.95,0.95,0.95,0,0,0,0,0,1,0,-1,0,0,1500,345kV_double,100000,0.062,30
,189,0,0,0,0,0,1,0,0,0,0,0,0,0,0,0,0,0,-1,0,0,0,0,0,0,0,0,0,0,MISC_to_SPPC,42113,884847,0.0995,14300,0.95,0.95,0.95,0.95,0.95,0.95,0.95,0.95,0.95,0.95,0,0,0,-1,0,1,0,0,0,0,1500,345kV_double,100000,0.062,30
,190,0,0,0,0,0,1,0,0,0,0,0,0,0,0,0,0,0,0,-1,0,0,0,0,0,0,0,0,0,MISC_to_SPPN,58597,1231187,0.149,10000,0.95,0.95,0.95,0.95,0.95,0.95,0.95,0.95,0.95,0.95,0,0,0,-1,0,1,0,0,0,0,1500,345kV_double,100000,0.062,30
,191,0,0,0,0,0,1,0,0,0,0,0,0,0,0,0,0,0,0,0,-1,0,0,0,0,0,0,0,0,MISC_to_SPPS,73515,1544652,0.2034,11720,0.95,0.95,0.95,0.95,0.95,0.95,0.95,0.95,0.95,0.95,0,0,0,-1,0,1,0,0,0,0,1500,345kV_double,100000,0.062,30
,192,0,0,0,0,0,1,0,0,0,0,0,0,0,0,0,0,0,0,0,0,0,-1,0,0,0,0,0,0,MISC_to_SRCE,50097,1052610,0.0821,37450,0.95,0.95,0.95,0.95,0.95,0.95,0.95,0.95,0.95,0.95,0,0,0,0,0,1,-1,0,0,0,1500,345kV_double,100000,0.062,30
,193,0,0,0,0,0,0,1,0,-1,0,0,0,0,0,0,0,0,0,0,0,0,0,0,0,0,0,0,0,MISE_to_MISW,97477,2048124,0.1774,10000,0.95,0.95,0.95,0.95,0.95,0.95,0.95,0.95,0.95,0.95,0,0,0,0,0,0,0,0,0,0,1500,345kV_double,100000,0.062,30
,194,0,0,0,0,0,0,1,0,0,0,0,0,0,0,0,-1,0,0,0,0,0,0,0,0,0,0,0,0,MISE_to_PJMW,50862,1068682,0.125,26620,0.95,0.95,0.95,0.95,0.95,0.95,0.95,0.95,0.95,0.95,0,0,0,0,0,1,0,-1,0,0,1500,345kV_double,100000,0.062,30
,195,0,0,0,0,0,0,0,1,0,0,0,0,0,0,0,0,0,-1,0,0,0,0,0,0,0,0,0,0,MISS_to_SPPC,87895,1846794,0.2804,10000,0.95,0.95,0.95,0.95,0.95,0.95,0.95,0.95,0.95,0.95,0,0,0,-1,0,1,0,0,0,0,1500,345kV_double,100000,0.062,30
,196,0,0,0,0,0,0,0,1,0,0,0,0,0,0,0,0,0,0,0,-1,0,0,0,0,0,0,0,0,MISS_to_SPPS,74030,1555464,0.2403,16970,0.95,0.95,0.95,0.95,0.95,0.95,0.95,0.95,0.95,0.95,0,0,0,-1,0,1,0,0,0,0,1500,345kV_double,100000,0.062,30
,197,0,0,0,0,0,0,0,1,0,0,0,0,0,0,0,0,0,0,0,0,0,-1,0,0,0,0,0,0,MISS_to_SRCE,62465,1312476,0.1598,40920,0.95,0.95,0.95,0.95,0.95,0.95,0.95,0.95,0.95,0.95,0,0,0,0,0,1,-1,0,0,0,1500,345kV_double,100000,0.062,30
,198,0,0,0,0,0,0,0,1,0,0,0,0,0,0,0,0,0,0,0,0,0,0,-1,0,0,0,0,0,MISS_to_SRSE,68405,1437286,0.1445,10000,0.95,0.95,0.95,0.95,0.95,0.95,0.95,0.95,0.95,0.95,0,0,0,0,0,1,-1,0,0,0,1500,345kV_double,100000,0.062,30
,199,0,0,0,0,0,0,0,0,1,-1,0,0,0,0,0,0,0,0,0,0,0,0,0,0,0,0,0,0,MISW_to_NWPP,256412,5387544,0.7026,10000,0.95,0.95,0.95,0.95,0.95,0.95,0.95,0.95,0.95,0.95,0,0,-1,0,0,1,0,0,0,0,1500,345kV_double,100000,0.062,30
,200,0,0,0,0,0,0,0,0,1,0,0,0,-1,0,0,0,0,0,0,0,0,0,0,0,0,0,0,0,MISW_to_PJMC,38229,803234,0.0499,32000,0.95,0.95,0.95,0.95,0.95,0.95,0.95,0.95,0.95,0.95,0,0,0,0,0,1,0,-1,0,0,1500,345kV_double,100000,0.062,30
,201,0,0,0,0,0,0,0,0,1,0,0,0,0,0,0,0,0,-1,0,0,0,0,0,0,0,0,0,0,MISW_to_SPPC,79063,1661212,0.1869,10000,0.95,0.95,0.95,0.95,0.95,0.95,0.95,0.95,0.95,0.95,0,0,0,-1,0,1,0,0,0,0,1500,345kV_double,100000,0.062,30
,202,0,0,0,0,0,0,0,0,1,0,0,0,0,0,0,0,0,0,-1,0,0,0,0,0,0,0,0,0,MISW_to_SPPN,65856,1383711,0.1467,55120,0.95,0.95,0.95,0.95,0.95,0.95,0.95,0.95,0.95,0.95,0,0,0,-1,0,1,0,0,0,0,1500,345kV_double,100000,0.062,30
,203,0,0,0,0,0,0,0,0,0,1,0,0,0,0,0,0,-1,0,0,0,0,0,0,0,0,0,0,0,NWPP_to_RMRG,166452,3497378,0.4579,10000,0.95,0.95,0.95,0.95,0.95,0.95,0.95,0.95,0.95,0.95,0,0,0,0,0,0,0,0,0,0,1500,345kV_double,100000,0.062,30
,204,0,0,0,0,0,0,0,0,0,0,1,-1,0,0,0,0,0,0,0,0,0,0,0,0,0,0,0,0,NYCW_to_NYUP,81949,1721861,0.081,24890,0.95,0.95,0.95,0.95,0.95,0.95,0.95,0.95,0.95,0.95,0,0,0,0,0,0,0,0,0,0,1500,345kV_double,100000,0.062,30
,205,0,0,0,0,0,0,0,0,0,0,1,0,0,0,-1,0,0,0,0,0,0,0,0,0,0,0,0,0,NYCW_to_PJME,54802,1151454,0.0279,10000,0.95,0.95,0.95,0.95,0.95,0.95,0.95,0.95,0.95,0.95,0,0,0,0,0,0,0,-1,1,0,1500,345kV_double,100000,0.062,30
,206,0,0,0,0,0,0,0,0,0,0,0,1,0,0,-1,0,0,0,0,0,0,0,0,0,0,0,0,0,NYUP_to_PJME,40042,841341,0.0807,12550,0.95,0.95,0.95,0.95,0.95,0.95,0.95,0.95,0.95,0.95,0,0,0,0,0,0,0,-1,1,0,1500,345kV_double,100000,0.062,30
,207,0,0,0,0,0,0,0,0,0,0,0,0,1,0,0,-1,0,0,0,0,0,0,0,0,0,0,0,0,PJMC_to_PJMW,37908,796485,0.1247,10000,0.95,0.95,0.95,0.95,0.95,0.95,0.95,0.95,0.95,0.95,0,0,0,0,0,0,0,0,0,0,1500,345kV_double,100000,0.062,30
,208,0,0,0,0,0,0,0,0,0,0,0,0,0,1,-1,0,0,0,0,0,0,0,0,0,0,0,0,0,PJMD_to_PJME,22341,469417,0.0472,12000,0.95,0.95,0.95,0.95,0.95,0.95,0.95,0.95,0.95,0.95,0,0,0,0,0,0,0,0,0,0,1500,345kV_double,100000,0.062,30
,209,0,0,0,0,0,0,0,0,0,0,0,0,0,1,0,-1,0,0,0,0,0,0,0,0,0,0,0,0,PJMD_to_PJMW,54088,1136448,0.1378,69300,0.95,0.95,0.95,0.95,0.95,0.95,0.95,0.95,0.95,0.95,0,0,0,0,0,0,0,0,0,0,1500,345kV_double,100000,0.062,30
,210,0,0,0,0,0,0,0,0,0,0,0,0,0,1,0,0,0,0,0,0,-1,0,0,0,0,0,0,0,PJMD_to_SRCA,49728,1044855,0.1495,10000,0.95,0.95,0.95,0.95,0.95,0.95,0.95,0.95,0.95,0.95,0,0,0,0,0,0,-1,1,0,0,1500,345kV_double,100000,0.062,30
,211,0,0,0,0,0,0,0,0,0,0,0,0,0,0,1,-1,0,0,0,0,0,0,0,0,0,0,0,0,PJME_to_PJMW,55207,1159963,0.1293,38850,0.95,0.95,0.95,0.95,0.95,0.95,0.95,0.95,0.95,0.95,0,0,0,0,0,0,0,0,0,0,1500,345kV_double,100000,0.062,30
,212,0,0,0,0,0,0,0,0,0,0,0,0,0,0,0,1,0,0,0,0,-1,0,0,0,0,0,0,0,PJMW_to_SRCA,89028,1870599,0.2386,12190,0.95,0.95,0.95,0.95,0.95,0.95,0.95,0.95,0.95,0.95,0,0,0,0,0,0,-1,1,0,0,1500,345kV_double,100000,0.062,30
,213,0,0,0,0,0,0,0,0,0,0,0,0,0,0,0,1,0,0,0,0,0,-1,0,0,0,0,0,0,PJMW_to_SRCE,45439,954722,0.0954,33330,0.95,0.95,0.95,0.95,0.95,0.95,0.95,0.95,0.95,0.95,0,0,0,0,0,0,-1,1,0,0,1500,345kV_double,100000,0.062,30
,214,0,0,0,0,0,0,0,0,0,0,0,0,0,0,0,0,1,-1,0,0,0,0,0,0,0,0,0,0,RMRG_to_SPPC,58821,1235909,0.2077,10000,0.95,0.95,0.95,0.95,0.95,0.95,0.95,0.95,0.95,0.95,0,0,1,-1,0,0,0,0,0,0,1500,345kV_double,100000,0.062,30
,215,0,0,0,0,0,0,0,0,0,0,0,0,0,0,0,0,1,0,-1,0,0,0,0,0,0,0,0,0,RMRG_to_SPPN,48625,1021671,0.1731,10000,0.95,0.95,0.95,0.95,0.95,0.95,0.95,0.95,0.95,0.95,0,0,1,-1,0,0,0,0,0,0,1500,345kV_double,100000,0.062,30
,216,0,0,0,0,0,0,0,0,0,0,0,0,0,0,0,0,1,0,0,0,0,0,0,-1,0,0,0,0,RMRG_to_SRSG,98877,2077535,0.3393,10000,0.95,0.95,0.95,0.95,0.95,0.95,0.95,0.95,0.95,0.95,0,-1,1,0,0,0,0,0,0,0,1500,345kV_double,100000,0.062,30
,217,0,0,0,0,0,0,0,0,0,0,0,0,0,0,0,0,0,1,-1,0,0,0,0,0,0,0,0,0,SPPC_to_SPPN,17756,373086,0.0579,14330,0.95,0.95,0.95,0.95,0.95,0.95,0.95,0.95,0.95,0.95,0,0,0,0,0,0,0,0,0,0,1500,345kV_double,100000,0.062,30
,218,0,0,0,0,0,0,0,0,0,0,0,0,0,0,0,0,0,1,0,-1,0,0,0,0,0,0,0,0,SPPC_to_SPPS,30172,633950,0.1009,33720,0.95,0.95,0.95,0.95,0.95,0.95,0.95,0.95,0.95,0.95,0,0,0,0,0,0,0,0,0,0,1500,345kV_double,100000,0.062,30
,219,0,0,0,0,0,0,0,0,0,0,0,0,0,0,0,0,0,0,1,-1,0,0,0,0,0,0,0,0,SPPN_to_SPPS,44153,927706,0.1507,10000,0.95,0.95,0.95,0.95,0.95,0.95,0.95,0.95,0.95,0.95,0,0,0,0,0,0,0,0,0,0,1500,345kV_double,100000,0.062,30
,220,0,0,0,0,0,0,0,0,0,0,0,0,0,0,0,0,0,0,0,1,0,0,0,-1,0,0,0,0,SPPS_to_SRSG,98968,2079436,0.3568,10100,0.95,0.95,0.95,0.95,0.95,0.95,0.95,0.95,0.95,0.95,0,-1,0,1,0,0,0,0,0,0,1500,345kV_double,100000,0.062,30
,221,0,0,0,0,0,0,0,0,0,0,0,0,0,0,0,0,0,0,0,1,0,0,0,0,-1,0,0,0,SPPS_to_TRE,33840,711020,0.0832,10000,0.95,0.95,0.95,0.95,0.95,0.95,0.95,0.95,0.95,0.95,0,0,0,1,-1,0,0,0,0,0,1500,345kV_double,100000,0.062,30
,222,0,0,0,0,0,0,0,0,0,0,0,0,0,0,0,0,0,0,0,1,0,0,0,0,0,-1,0,0,SPPS_to_TRE_WEST,36651,770085,0.1319,10000,0.95,0.95,0.95,0.95,0.95,0.95,0.95,0.95,0.95,0.95,0,0,0,1,-1,0,0,0,0,0,1500,345kV_double,100000,0.062,30
,223,0,0,0,0,0,0,0,0,0,0,0,0,0,0,0,0,0,0,0,0,1,-1,0,0,0,0,0,0,SRCA_to_SRCE,96063,2018406,0.2119,10000,0.95,0.95,0.95,0.95,0.95,0.95,0.95,0.95,0.95,0.95,0,0,0,0,0,0,0,0,0,0,1500,345kV_double,100000,0.062,30
,224,0,0,0,0,0,0,0,0,0,0,0,0,0,0,0,0,0,0,0,0,1,0,-1,0,0,0,0,0,SRCA_to_SRSE,67857,1425754,0.1498,14000,0.95,0.95,0.95,0.95,0.95,0.95,0.95,0.95,0.95,0.95,0,0,0,0,0,0,0,0,0,0,1500,345kV_double,100000,0.062,30
,225,0,0,0,0,0,0,0,0,0,0,0,0,0,0,0,0,0,0,0,0,0,1,-1,0,0,0,0,0,SRCE_to_SRSE,59939,1259397,0.0986,31960,0.95,0.95,0.95,0.95,0.95,0.95,0.95,0.95,0.95,0.95,0,0,0,0,0,0,0,0,0,0,1500,345kV_double,100000,0.062,30
,226,0,0,0,0,0,0,0,0,0,0,0,0,0,0,0,0,0,0,0,0,0,0,0,0,1,-1,0,0,TRE_to_TRE_WEST,44079,926162,0.1262,165290,0.95,0.95,0.95,0.95,0.95,0.95,0.95,0.95,0.95,0.95,0,0,0,0,0,0,0,0,0,0,1500,345kV_double,100000,0.062,30
,227,0,0,0,0,0,0,0,0,0,1,0,0,0,0,0,0,0,0,-1,0,0,0,0,0,0,0,0,0,NWPP_to_SPPN,205418,4316094,0.6005,10000,0.95,0.95,0.95,0.95,0.95,0.95,0.95,0.95,0.95,0.95,0,0,1,-1,0,0,0,0,0,0,1500,345kV_double,100000,0.062,30
,228,0,0,0,0,0,0,0,0,0,0,0,0,0,0,0,0,0,0,0,0,0,0,0,1,-1,0,0,0,SRSG_to_TRE,109468,2300068,0.3647,10000,0.95,0.95,0.95,0.95,0.95,0.95,0.95,0.95,0.95,0.95,0,1,0,0,-1,0,0,0,0,0,1500,345kV_double,100000,0.062,30
,229,1,-1,0,0,0,0,0,0,0,0,0,0,0,0,0,0,0,0,0,0,0,0,0,0,0,0,0,0,BASN_to_CANO,140013,2941841,0.27,10000,0.95,0.95,0.95,0.95,0.95,0.95,0.95,0.95,0.95,0.95,-1,0,1,0,0,0,0,0,0,0,750,345kV_single,100000,0.062,30
,230,1,0,-1,0,0,0,0,0,0,0,0,0,0,0,0,0,0,0,0,0,0,0,0,0,0,0,0,0,BASN_to_CASO,84719,1780050,0.1421,59200,0.95,0.95,0.95,0.95,0.95,0.95,0.95,0.95,0.95,0.95,-1,0,1,0,0,0,0,0,0,0,750,345kV_single,100000,0.062,30
,231,1,0,0,0,0,0,0,0,0,-1,0,0,0,0,0,0,0,0,0,0,0,0,0,0,0,0,0,0,BASN_to_NWPP,184511,3876802,0.3413,33500,0.95,0.95,0.95,0.95,0.95,0.95,0.95,0.95,0.95,0.95,0,0,0,0,0,0,0,0,0,0,750,345kV_single,100000,0.062,30
,232,1,0,0,0,0,0,0,0,0,0,0,0,0,0,0,0,-1,0,0,0,0,0,0,0,0,0,0,0,BASN_to_RMRG,118010,2479534,0.2316,37500,0.95,0.95,0.95,0.95,0.95,0.95,0.95,0.95,0.95,0.95,0,0,0,0,0,0,0,0,0,0,750,345kV_single,100000,0.062,30
,233,1,0,0,0,0,0,0,0,0,0,0,0,0,0,0,0,0,0,0,0,0,0,0,-1,0,0,0,0,BASN_to_SRSG,97476,2048102,0.1864,53850,0.95,0.95,0.95,0.95,0.95,0.95,0.95,0.95,0.95,0.95,0,-1,1,0,0,0,0,0,0,0,750,345kV_single,100000,0.062,30
,234,0,1,-1,0,0,0,0,0,0,0,0,0,0,0,0,0,0,0,0,0,0,0,0,0,0,0,0,0,CANO_to_CASO,98942,2078891,0.164,36750,0.95,0.95,0.95,0.95,0.95,0.95,0.95,0.95,0.95,0.95,0,0,0,0,0,0,0,0,0,0,750,345kV_single,100000,0.062,30
,235,0,1,0,0,0,0,0,0,0,-1,0,0,0,0,0,0,0,0,0,0,0,0,0,0,0,0,0,0,CANO_to_NWPP,133736,2809967,0.2597,36750,0.95,0.95,0.95,0.95,0.95,0.95,0.95,0.95,0.95,0.95,1,0,-1,0,0,0,0,0,0,0,750,345kV_single,100000,0.062,30
,236,0,0,1,0,0,0,0,0,0,-1,0,0,0,0,0,0,0,0,0,0,0,0,0,0,0,0,0,0,CASO_to_NWPP,189490,3981418,0.375,28580,0.95,0.95,0.95,0.95,0.95,0.95,0.95,0.95,0.95,0.95,1,0,-1,0,0,0,0,0,0,0,750,345kV_single,100000,0.062,30
,237,0,0,1,0,0,0,0,0,0,0,0,0,0,0,0,0,0,0,0,0,0,0,0,-1,0,0,0,0,CASO_to_SRSG,74816,1571976,0.171,43540,0.95,0.95,0.95,0.95,0.95,0.95,0.95,0.95,0.95,0.95,1,-1,0,0,0,0,0,0,0,0,750,345kV_single,100000,0.062,30
,238,0,0,0,1,0,0,0,0,0,0,0,0,0,0,0,0,0,0,0,0,0,0,-1,0,0,0,0,0,FRCC_to_SRSE,82571,1734925,0.1568,36000,0.95,0.95,0.95,0.95,0.95,0.95,0.95,0.95,0.95,0.95,0,0,0,0,0,0,0,0,0,0,750,345kV_single,100000,0.062,30
,239,0,0,0,0,1,0,0,0,0,0,-1,0,0,0,0,0,0,0,0,0,0,0,0,0,0,0,0,0,ISNE_to_NYCW,124195,2609498,0.055,10000,0.95,0.95,0.95,0.95,0.95,0.95,0.95,0.95,0.95,0.95,0,0,0,0,0,0,0,0,-1,1,750,345kV_single,100000,0.062,30
,240,0,0,0,0,1,0,0,0,0,0,0,-1,0,0,0,0,0,0,0,0,0,0,0,0,0,0,0,0,ISNE_to_NYUP,58293,1224807,0.103,14000,0.95,0.95,0.95,0.95,0.95,0.95,0.95,0.95,0.95,0.95,0,0,0,0,0,0,0,0,-1,1,750,345kV_single,100000,0.062,30
,241,0,0,0,0,0,1,-1,0,0,0,0,0,0,0,0,0,0,0,0,0,0,0,0,0,0,0,0,0,MISC_to_MISE,64863,1362851,0.1243,10000,0.95,0.95,0.95,0.95,0.95,0.95,0.95,0.95,0.95,0.95,0,0,0,0,0,0,0,0,0,0,750,345kV_single,100000,0.062,30
,242,0,0,0,0,0,1,0,-1,0,0,0,0,0,0,0,0,0,0,0,0,0,0,0,0,0,0,0,0,MISC_to_MISS,115436,2425465,0.2628,10390,0.95,0.95,0.95,0.95,0.95,0.95,0.95,0.95,0.95,0.95,0,0,0,0,0,0,0,0,0,0,750,345kV_single,100000,0.062,30
,243,0,0,0,0,0,1,0,0,-1,0,0,0,0,0,0,0,0,0,0,0,0,0,0,0,0,0,0,0,MISC_to_MISW,98928,2078609,0.1709,16550,0.95,0.95,0.95,0.95,0.95,0.95,0.95,0.95,0.95,0.95,0,0,0,0,0,0,0,0,0,0,750,345kV_single,100000,0.062,30
,244,0,0,0,0,0,1,0,0,0,0,0,0,-1,0,0,0,0,0,0,0,0,0,0,0,0,0,0,0,MISC_to_PJMC,40982,861088,0.084,52440,0.95,0.95,0.95,0.95,0.95,0.95,0.95,0.95,0.95,0.95,0,0,0,0,0,1,0,-1,0,0,750,345kV_single,100000,0.062,30
,245,0,0,0,0,0,1,0,0,0,0,0,0,0,0,0,-1,0,0,0,0,0,0,0,0,0,0,0,0,MISC_to_PJMW,47119,990037,0.1035,54410,0.95,0.95,0.95,0.95,0.95,0.95,0.95,0.95,0.95,0.95,0,0,0,0,0,1,0,-1,0,0,750,345kV_single,100000,0.062,30
,246,0,0,0,0,0,1,0,0,0,0,0,0,0,0,0,0,0,-1,0,0,0,0,0,0,0,0,0,0,MISC_to_SPPC,48336,1015597,0.0995,14300,0.95,0.95,0.95,0.95,0.95,0.95,0.95,0.95,0.95,0.95,0,0,0,-1,0,1,0,0,0,0,750,345kV_single,100000,0.062,30
,247,0,0,0,0,0,1,0,0,0,0,0,0,0,0,0,0,0,0,-1,0,0,0,0,0,0,0,0,0,MISC_to_SPPN,69087,1451604,0.149,10000,0.95,0.95,0.95,0.95,0.95,0.95,0.95,0.95,0.95,0.95,0,0,0,-1,0,1,0,0,0,0,750,345kV_single,100000,0.062,30
,248,0,0,0,0,0,1,0,0,0,0,0,0,0,0,0,0,0,0,0,-1,0,0,0,0,0,0,0,0,MISC_to_SPPS,88302,1855336,0.2034,11720,0.95,0.95,0.95,0.95,0.95,0.95,0.95,0.95,0.95,0.95,0,0,0,-1,0,1,0,0,0,0,750,345kV_single,100000,0.062,30
,249,0,0,0,0,0,1,0,0,0,0,0,0,0,0,0,0,0,0,0,0,0,-1,0,0,0,0,0,0,MISC_to_SRCE,53317,1120258,0.0821,37450,0.95,0.95,0.95,0.95,0.95,0.95,0.95,0.95,0.95,0.95,0,0,0,0,0,1,-1,0,0,0,750,345kV_single,100000,0.062,30
,250,0,0,0,0,0,0,1,0,-1,0,0,0,0,0,0,0,0,0,0,0,0,0,0,0,0,0,0,0,MISE_to_MISW,116026,2437862,0.1774,10000,0.95,0.95,0.95,0.95,0.95,0.95,0.95,0.95,0.95,0.95,0,0,0,0,0,0,0,0,0,0,750,345kV_single,100000,0.062,30
,251,0,0,0,0,0,0,1,0,0,0,0,0,0,0,0,-1,0,0,0,0,0,0,0,0,0,0,0,0,MISE_to_PJMW,57242,1202720,0.125,26620,0.95,0.95,0.95,0.95,0.95,0.95,0.95,0.95,0.95,0.95,0,0,0,0,0,1,0,-1,0,0,750,345kV_single,100000,0.062,30
,252,0,0,0,0,0,0,0,1,0,0,0,0,0,0,0,0,0,-1,0,0,0,0,0,0,0,0,0,0,MISS_to_SPPC,111421,2341097,0.2804,10000,0.95,0.95,0.95,0.95,0.95,0.95,0.95,0.95,0.95,0.95,0,0,0,-1,0,1,0,0,0,0,750,345kV_single,100000,0.062,30
,253,0,0,0,0,0,0,0,1,0,0,0,0,0,0,0,0,0,0,0,-1,0,0,0,0,0,0,0,0,MISS_to_SPPS,94630,1988293,0.2403,16970,0.95,0.95,0.95,0.95,0.95,0.95,0.95,0.95,0.95,0.95,0,0,0,-1,0,1,0,0,0,0,750,345kV_single,100000,0.062,30
,254,0,0,0,0,0,0,0,1,0,0,0,0,0,0,0,0,0,0,0,0,0,-1,0,0,0,0,0,0,MISS_to_SRCE,74289,1560912,0.1598,40920,0.95,0.95,0.95,0.95,0.95,0.95,0.95,0.95,0.95,0.95,0,0,0,0,0,1,-1,0,0,0,750,345kV_single,100000,0.062,30
,255,0,0,0,0,0,0,0,1,0,0,0,0,0,0,0,0,0,0,0,0,0,0,-1,0,0,0,0,0,MISS_to_SRSE,82548,1734443,0.1445,10000,0.95,0.95,0.95,0.95,0.95,0.95,0.95,0.95,0.95,0.95,0,0,0,0,0,1,-1,0,0,0,750,345kV_single,100000,0.062,30
,256,0,0,0,0,0,0,0,0,1,-1,0,0,0,0,0,0,0,0,0,0,0,0,0,0,0,0,0,0,MISW_to_NWPP,310938,6533195,0.7026,10000,0.95,0.95,0.95,0.95,0.95,0.95,0.95,0.95,0.95,0.95,0,0,-1,0,0,1,0,0,0,0,750,345kV_single,100000,0.062,30
,257,0,0,0,0,0,0,0,0,1,0,0,0,-1,0,0,0,0,0,0,0,0,0,0,0,0,0,0,0,MISW_to_PJMC,40229,845268,0.0499,32000,0.95,0.95,0.95,0.95,0.95,0.95,0.95,0.95,0.95,0.95,0,0,0,0,0,1,0,-1,0,0,750,345kV_single,100000,0.062,30
,258,0,0,0,0,0,0,0,0,1,0,0,0,0,0,0,0,0,-1,0,0,0,0,0,0,0,0,0,0,MISW_to_SPPC,92645,1946585,0.1869,10000,0.95,0.95,0.95,0.95,0.95,0.95,0.95,0.95,0.95,0.95,0,0,0,-1,0,1,0,0,0,0,750,345kV_single,100000,0.062,30
,259,0,0,0,0,0,0,0,0,1,0,0,0,0,0,0,0,0,0,-1,0,0,0,0,0,0,0,0,0,MISW_to_SPPN,75648,1589460,0.1467,55120,0.95,0.95,0.95,0.95,0.95,0.95,0.95,0.95,0.95,0.95,0,0,0,-1,0,1,0,0,0,0,750,345kV_single,100000,0.062,30
,260,0,0,0,0,0,0,0,0,0,1,0,0,0,0,0,0,-1,0,0,0,0,0,0,0,0,0,0,0,NWPP_to_RMRG,206789,4344890,0.4579,10000,0.95,0.95,0.95,0.95,0.95,0.95,0.95,0.95,0.95,0.95,0,0,0,0,0,0,0,0,0,0,750,345kV_single,100000,0.062,30
,261,0,0,0,0,0,0,0,0,0,0,1,-1,0,0,0,0,0,0,0,0,0,0,0,0,0,0,0,0,NYCW_to_NYUP,88540,1860331,0.081,24890,0.95,0.95,0.95,0.95,0.95,0.95,0.95,0.95,0.95,0.95,0,0,0,0,0,0,0,0,0,0,750,345kV_single,100000,0.062,30
,262,0,0,0,0,0,0,0,0,0,0,1,0,0,0,-1,0,0,0,0,0,0,0,0,0,0,0,0,0,NYCW_to_PJME,54900,1153523,0.0279,10000,0.95,0.95,0.95,0.95,0.95,0.95,0.95,0.95,0.95,0.95,0,0,0,0,0,0,0,-1,1,0,750,345kV_single,100000,0.062,30
,263,0,0,0,0,0,0,0,0,0,0,0,1,0,0,-1,0,0,0,0,0,0,0,0,0,0,0,0,0,NYUP_to_PJME,43064,904823,0.0807,12550,0.95,0.95,0.95,0.95,0.95,0.95,0.95,0.95,0.95,0.95,0,0,0,0,0,0,0,-1,1,0,750,345kV_single,100000,0.062,30
,264,0,0,0,0,0,0,0,0,0,0,0,0,1,0,0,-1,0,0,0,0,0,0,0,0,0,0,0,0,PJMC_to_PJMW,44747,940189,0.1247,10000,0.95,0.95,0.95,0.95,0.95,0.95,0.95,0.95,0.95,0.95,0,0,0,0,0,0,0,0,0,0,750,345kV_single,100000,0.062,30
,265,0,0,0,0,0,0,0,0,0,0,0,0,0,1,-1,0,0,0,0,0,0,0,0,0,0,0,0,0,PJMD_to_PJME,23456,492851,0.0472,12000,0.95,0.95,0.95,0.95,0.95,0.95,0.95,0.95,0.95,0.95,0,0,0,0,0,0,0,0,0,0,750,345kV_single,100000,0.062,30
,266,0,0,0,0,0,0,0,0,0,0,0,0,0,1,0,-1,0,0,0,0,0,0,0,0,0,0,0,0,PJMD_to_PJMW,62854,1320644,0.1378,69300,0.95,0.95,0.95,0.95,0.95,0.95,0.95,0.95,0.95,0.95,0,0,0,0,0,0,0,0,0,0,750,345kV_single,100000,0.062,30
,267,0,0,0,0,0,0,0,0,0,0,0,0,0,1,0,0,0,0,0,0,-1,0,0,0,0,0,0,0,PJMD_to_SRCA,55489,1165900,0.1495,10000,0.95,0.95,0.95,0.95,0.95,0.95,0.95,0.95,0.95,0.95,0,0,0,0,0,0,-1,1,0,0,750,345kV_single,100000,0.062,30
,268,0,0,0,0,0,0,0,0,0,0,0,0,0,0,1,-1,0,0,0,0,0,0,0,0,0,0,0,0,PJME_to_PJMW,65207,1370073,0.1293,38850,0.95,0.95,0.95,0.95,0.95,0.95,0.95,0.95,0.95,0.95,0,0,0,0,0,0,0,0,0,0,750,345kV_single,100000,0.062,30
,269,0,0,0,0,0,0,0,0,0,0,0,0,0,0,0,1,0,0,0,0,-1,0,0,0,0,0,0,0,PJMW_to_SRCA,104811,2202210,0.2386,12190,0.95,0.95,0.95,0.95,0.95,0.95,0.95,0.95,0.95,0.95,0,0,0,0,0,0,-1,1,0,0,750,345kV_single,100000,0.062,30
,270,0,0,0,0,0,0,0,0,0,0,0,0,0,0,0,1,0,0,0,0,0,-1,0,0,0,0,0,0,PJMW_to_SRCE,48601,1021161,0.0954,33330,0.95,0.95,0.95,0.95,0.95,0.95,0.95,0.95,0.95,0.95,0,0,0,0,0,0,-1,1,0,0,750,345kV_single,100000,0.062,30
,271,0,0,0,0,0,0,0,0,0,0,0,0,0,0,0,0,1,-1,0,0,0,0,0,0,0,0,0,0,RMRG_to_SPPC,74599,1567418,0.2077,10000,0.95,0.95,0.95,0.95,0.95,0.95,0.95,0.95,0.95,0.95,0,0,1,-1,0,0,0,0,0,0,750,345kV_single,100000,0.062,30
,272,0,0,0,0,0,0,0,0,0,0,0,0,0,0,0,0,1,0,-1,0,0,0,0,0,0,0,0,0,RMRG_to_SPPN,61515,1292516,0.1731,10000,0.95,0.95,0.95,0.95,0.95,0.95,0.95,0.95,0.95,0.95,0,0,1,-1,0,0,0,0,0,0,750,345kV_single,100000,0.062,30
,273,0,0,0,0,0,0,0,0,0,0,0,0,0,0,0,0,1,0,0,0,0,0,0,-1,0,0,0,0,RMRG_to_SRSG,122461,2573053,0.3393,10000,0.95,0.95,0.95,0.95,0.95,0.95,0.95,0.95,0.95,0.95,0,-1,1,0,0,0,0,0,0,0,750,345kV_single,100000,0.062,30
,274,0,0,0,0,0,0,0,0,0,0,0,0,0,0,0,0,0,1,-1,0,0,0,0,0,0,0,0,0,SPPC_to_SPPN,22611,475096,0.0579,14330,0.95,0.95,0.95,0.95,0.95,0.95,0.95,0.95,0.95,0.95,0,0,0,0,0,0,0,0,0,0,750,345kV_single,100000,0.062,30
,275,0,0,0,0,0,0,0,0,0,0,0,0,0,0,0,0,0,1,0,-1,0,0,0,0,0,0,0,0,SPPC_to_SPPS,38248,803631,0.1009,33720,0.95,0.95,0.95,0.95,0.95,0.95,0.95,0.95,0.95,0.95,0,0,0,0,0,0,0,0,0,0,750,345kV_single,100000,0.062,30
,276,0,0,0,0,0,0,0,0,0,0,0,0,0,0,0,0,0,0,1,-1,0,0,0,0,0,0,0,0,SPPN_to_SPPS,56313,1183200,0.1507,10000,0.95,0.95,0.95,0.95,0.95,0.95,0.95,0.95,0.95,0.95,0,0,0,0,0,0,0,0,0,0,750,345kV_single,100000,0.062,30
,277,0,0,0,0,0,0,0,0,0,0,0,0,0,0,0,0,0,0,0,1,0,0,0,-1,0,0,0,0,SPPS_to_SRSG,121362,2549965,0.3568,10100,0.95,0.95,0.95,0.95,0.95,0.95,0.95,0.95,0.95,0.95,0,-1,0,1,0,0,0,0,0,0,750,345kV_single,100000,0.062,30
,278,0,0,0,0,0,0,0,0,0,0,0,0,0,0,0,0,0,0,0,1,0,0,0,0,-1,0,0,0,SPPS_to_TRE,39854,837390,0.0832,10000,0.95,0.95,0.95,0.95,0.95,0.95,0.95,0.95,0.95,0.95,0,0,0,1,-1,0,0,0,0,0,750,345kV_single,100000,0.062,30
,279,0,0,0,0,0,0,0,0,0,0,0,0,0,0,0,0,0,0,0,1,0,0,0,0,0,-1,0,0,SPPS_to_TRE_WEST,46021,966966,0.1319,10000,0.95,0.95,0.95,0.95,0.95,0.95,0.95,0.95,0.95,0.95,0,0,0,1,-1,0,0,0,0,0,750,345kV_single,100000,0.062,30
,280,0,0,0,0,0,0,0,0,0,0,0,0,0,0,0,0,0,0,0,0,1,-1,0,0,0,0,0,0,SRCA_to_SRCE,111958,2352386,0.2119,10000,0.95,0.95,0.95,0.95,0.95,0.95,0.95,0.95,0.95,0.95,0,0,0,0,0,0,0,0,0,0,750,345kV_single,100000,0.062,30
,281,0,0,0,0,0,0,0,0,0,0,0,0,0,0,0,0,0,0,0,0,1,0,-1,0,0,0,0,0,SRCA_to_SRSE,76825,1614196,0.1498,14000,0.95,0.95,0.95,0.95,0.95,0.95,0.95,0.95,0.95,0.95,0,0,0,0,0,0,0,0,0,0,750,345kV_single,100000,0.062,30
,282,0,0,0,0,0,0,0,0,0,0,0,0,0,0,0,0,0,0,0,0,0,1,-1,0,0,0,0,0,SRCE_to_SRSE,66067,1388149,0.0986,31960,0.95,0.95,0.95,0.95,0.95,0.95,0.95,0.95,0.95,0.95,0,0,0,0,0,0,0,0,0,0,750,345kV_single,100000,0.062,30
,283,0,0,0,0,0,0,0,0,0,0,0,0,0,0,0,0,0,0,0,0,0,0,0,0,1,-1,0,0,TRE_to_TRE_WEST,52597,1105132,0.1262,165290,0.95,0.95,0.95,0.95,0.95,0.95,0.95,0.95,0.95,0.95,0,0,0,0,0,0,0,0,0,0,750,345kV_single,100000,0.062,30
,284,0,0,0,0,0,0,0,0,0,1,0,0,0,0,0,0,0,0,-1,0,0,0,0,0,0,0,0,0,NWPP_to_SPPN,255135,5360701,0.6005,10000,0.95,0.95,0.95,0.95,0.95,0.95,0.95,0.95,0.95,0.95,0,0,1,-1,0,0,0,0,0,0,750,345kV_single,100000,0.062,30
,285,0,0,0,0,0,0,0,0,0,0,0,0,0,0,0,0,0,0,0,0,0,0,0,1,-1,0,0,0,SRSG_to_TRE,131551,2764045,0.3647,10000,0.95,0.95,0.95,0.95,0.95,0.95,0.95,0.95,0.95,0.95,0,1,0,0,-1,0,0,0,0,0,750,345kV_single,100000,0.062,30
,286,1,-1,0,0,0,0,0,0,0,0,0,0,0,0,0,0,0,0,0,0,0,0,0,0,0,0,0,0,BASN_to_CANO,89739,1885525,0.1234,10000,0.95,0.95,0.95,0.95,0.95,0.95,0.95,0.95,0.95,0.95,-1,0,1,0,0,0,0,0,0,0,3000,500kV_HVDC,100000,0.062,30
,287,1,0,-1,0,0,0,0,0,0,0,0,0,0,0,0,0,0,0,0,0,0,0,0,0,0,0,0,0,BASN_to_CASO,70643,1484297,0.0831,59200,0.95,0.95,0.95,0.95,0.95,0.95,0.95,0.95,0.95,0.95,-1,0,1,0,0,0,0,0,0,0,3000,500kV_HVDC,100000,0.062,30
,288,1,0,0,0,0,0,0,0,0,-1,0,0,0,0,0,0,0,0,0,0,0,0,0,0,0,0,0,0,BASN_to_NWPP,110032,2311904,0.1381,33500,0.95,0.95,0.95,0.95,0.95,0.95,0.95,0.95,0.95,0.95,0,0,0,0,0,0,0,0,0,0,3000,500kV_HVDC,100000,0.062,30
,289,1,0,0,0,0,0,0,0,0,0,0,0,0,0,0,0,-1,0,0,0,0,0,0,0,0,0,0,0,BASN_to_RMRG,75324,1582653,0.0957,37500,0.95,0.95,0.95,0.95,0.95,0.95,0.95,0.95,0.95,0.95,0,0,0,0,0,0,0,0,0,0,3000,500kV_HVDC,100000,0.062,30
,290,1,0,0,0,0,0,0,0,0,0,0,0,0,0,0,0,0,0,0,0,0,0,0,-1,0,0,0,0,BASN_to_SRSG,78743,1654485,0.12,53850,0.95,0.95,0.95,0.95,0.95,0.95,0.95,0.95,0.95,0.95,0,-1,1,0,0,0,0,0,0,0,3000,500kV_HVDC,100000,0.062,30
,291,0,1,-1,0,0,0,0,0,0,0,0,0,0,0,0,0,0,0,0,0,0,0,0,0,0,0,0,0,CANO_to_CASO,54406,1143140,0.0703,36750,0.95,0.95,0.95,0.95,0.95,0.95,0.95,0.95,0.95,0.95,0,0,0,0,0,0,0,0,0,0,3000,500kV_HVDC,100000,0.062,30
,292,0,1,0,0,0,0,0,0,0,-1,0,0,0,0,0,0,0,0,0,0,0,0,0,0,0,0,0,0,CANO_to_NWPP,75431,1584898,0.0987,36750,0.95,0.95,0.95,0.95,0.95,0.95,0.95,0.95,0.95,0.95,1,0,-1,0,0,0,0,0,0,0,3000,500kV_HVDC,100000,0.062,30
,293,0,0,1,0,0,0,0,0,0,-1,0,0,0,0,0,0,0,0,0,0,0,0,0,0,0,0,0,0,CASO_to_NWPP,87649,1841623,0.1209,28580,0.95,0.95,0.95,0.95,0.95,0.95,0.95,0.95,0.95,0.95,1,0,-1,0,0,0,0,0,0,0,3000,500kV_HVDC,100000,0.062,30
,294,0,0,1,0,0,0,0,0,0,0,0,0,0,0,0,0,0,0,0,0,0,0,0,-1,0,0,0,0,CASO_to_SRSG,48463,1018278,0.0902,43540,0.95,0.95,0.95,0.95,0.95,0.95,0.95,0.95,0.95,0.95,1,-1,0,0,0,0,0,0,0,0,3000,500kV_HVDC,100000,0.062,30
,295,0,0,0,1,0,0,0,0,0,0,0,0,0,0,0,0,0,0,0,0,0,0,-1,0,0,0,0,0,FRCC_to_SRSE,62003,1302772,0.0771,36000,0.95,0.95,0.95,0.95,0.95,0.95,0.95,0.95,0.95,0.95,0,0,0,0,0,0,0,0,0,0,3000,500kV_HVDC,100000,0.062,30
,296,0,0,0,0,1,0,0,0,0,0,-1,0,0,0,0,0,0,0,0,0,0,0,0,0,0,0,0,0,ISNE_to_NYCW,86341,1814137,0.0322,10000,0.95,0.95,0.95,0.95,0.95,0.95,0.95,0.95,0.95,0.95,0,0,0,0,0,0,0,0,-1,1,3000,500kV_HVDC,100000,0.062,30
,297,0,0,0,0,1,0,0,0,0,0,0,-1,0,0,0,0,0,0,0,0,0,0,0,0,0,0,0,0,ISNE_to_NYUP,53494,1123987,0.0815,14000,0.95,0.95,0.95,0.95,0.95,0.95,0.95,0.95,0.95,0.95,0,0,0,0,0,0,0,0,-1,1,3000,500kV_HVDC,100000,0.062,30
,298,0,0,0,0,0,1,-1,0,0,0,0,0,0,0,0,0,0,0,0,0,0,0,0,0,0,0,0,0,MISC_to_MISE,57650,1211300,0.068,10000,0.95,0.95,0.95,0.95,0.95,0.95,0.95,0.95,0.95,0.95,0,0,0,0,0,0,0,0,0,0,3000,500kV_HVDC,100000,0.062,30
,299,0,0,0,0,0,1,0,-1,0,0,0,0,0,0,0,0,0,0,0,0,0,0,0,0,0,0,0,0,MISC_to_MISS,60071,1262178,0.0881,10390,0.95,0.95,0.95,0.95,0.95,0.95,0.95,0.95,0.95,0.95,0,0,0,0,0,0,0,0,0,0,3000,500kV_HVDC,100000,0.062,30
,300,0,0,0,0,0,1,0,0,-1,0,0,0,0,0,0,0,0,0,0,0,0,0,0,0,0,0,0,0,MISC_to_MISW,78953,1658908,0.0939,16550,0.95,0.95,0.95,0.95,0.95,0.95,0.95,0.95,0.95,0.95,0,0,0,0,0,0,0,0,0,0,3000,500kV_HVDC,100000,0.062,30
,301,0,0,0,0,0,1,0,0,0,0,0,0,-1,0,0,0,0,0,0,0,0,0,0,0,0,0,0,0,MISC_to_PJMC,39212,823900,0.0422,52440,0.95,0.95,0.95,0.95,0.95,0.95,0.95,0.95,0.95,0.95,0,0,0,0,0,1,0,-1,0,0,3000,500kV_HVDC,100000,0.062,30
,302,0,0,0,0,0,1,0,0,0,0,0,0,0,0,0,-1,0,0,0,0,0,0,0,0,0,0,0,0,MISC_to_PJMW,51528,1082666,0.0827,54410,0.95,0.95,0.95,0.95,0.95,0.95,0.95,0.95,0.95,0.95,0,0,0,0,0,1,0,-1,0,0,3000,500kV_HVDC,100000,0.062,30
,303,0,0,0,0,0,1,0,0,0,0,0,0,0,0,0,0,0,-1,0,0,0,0,0,0,0,0,0,0,MISC_to_SPPC,41313,868046,0.0462,14300,0.95,0.95,0.95,0.95,0.95,0.95,0.95,0.95,0.95,0.95,0,0,0,-1,0,1,0,0,0,0,3000,500kV_HVDC,100000,0.062,30
,304,0,0,0,0,0,1,0,0,0,0,0,0,0,0,0,0,0,0,-1,0,0,0,0,0,0,0,0,0,MISC_to_SPPN,47035,988276,0.0589,10000,0.95,0.95,0.95,0.95,0.95,0.95,0.95,0.95,0.95,0.95,0,0,0,-1,0,1,0,0,0,0,3000,500kV_HVDC,100000,0.062,30
,305,0,0,0,0,0,1,0,0,0,0,0,0,0,0,0,0,0,0,0,-1,0,0,0,0,0,0,0,0,MISC_to_SPPS,52526,1103628,0.0729,11720,0.95,0.95,0.95,0.95,0.95,0.95,0.95,0.95,0.95,0.95,0,0,0,-1,0,1,0,0,0,0,3000,500kV_HVDC,100000,0.062,30
,306,0,0,0,0,0,1,0,0,0,0,0,0,0,0,0,0,0,0,0,0,0,-1,0,0,0,0,0,0,MISC_to_SRCE,56433,1185730,0.0575,37450,0.95,0.95,0.95,0.95,0.95,0.95,0.95,0.95,0.95,0.95,0,0,0,0,0,1,-1,0,0,0,3000,500kV_HVDC,100000,0.062,30
,307,0,0,0,0,0,0,1,0,-1,0,0,0,0,0,0,0,0,0,0,0,0,0,0,0,0,0,0,0,MISE_to_MISW,81335,1708949,0.0905,10000,0.95,0.95,0.95,0.95,0.95,0.95,0.95,0.95,0.95,0.95,0,0,0,0,0,0,0,0,0,0,3000,500kV_HVDC,100000,0.062,30
,308,0,0,0,0,0,0,1,0,0,0,0,0,0,0,0,-1,0,0,0,0,0,0,0,0,0,0,0,0,MISE_to_PJMW,52123,1095173,0.0831,26620,0.95,0.95,0.95,0.95,0.95,0.95,0.95,0.95,0.95,0.95,0,0,0,0,0,1,0,-1,0,0,3000,500kV_HVDC,100000,0.062,30
,309,0,0,0,0,0,0,0,1,0,0,0,0,0,0,0,0,0,-1,0,0,0,0,0,0,0,0,0,0,MISS_to_SPPC,45013,945775,0.0721,10000,0.95,0.95,0.95,0.95,0.95,0.95,0.95,0.95,0.95,0.95,0,0,0,-1,0,1,0,0,0,0,3000,500kV_HVDC,100000,0.062,30
,310,0,0,0,0,0,0,0,1,0,0,0,0,0,0,0,0,0,0,0,-1,0,0,0,0,0,0,0,0,MISS_to_SPPS,40215,844974,0.0618,16970,0.95,0.95,0.95,0.95,0.95,0.95,0.95,0.95,0.95,0.95,0,0,0,-1,0,1,0,0,0,0,3000,500kV_HVDC,100000,0.062,30
,311,0,0,0,0,0,0,0,1,0,0,0,0,0,0,0,0,0,0,0,0,0,-1,0,0,0,0,0,0,MISS_to_SRCE,48307,1014989,0.0569,40920,0.95,0.95,0.95,0.95,0.95,0.95,0.95,0.95,0.95,0.95,0,0,0,0,0,1,-1,0,0,0,3000,500kV_HVDC,100000,0.062,30
,312,0,0,0,0,0,0,0,1,0,0,0,0,0,0,0,0,0,0,0,0,0,0,-1,0,0,0,0,0,MISS_to_SRSE,50905,1069576,0.0517,10000,0.95,0.95,0.95,0.95,0.95,0.95,0.95,0.95,0.95,0.95,0,0,0,0,0,1,-1,0,0,0,3000,500kV_HVDC,100000,0.062,30
,313,0,0,0,0,0,0,0,0,1,-1,0,0,0,0,0,0,0,0,0,0,0,0,0,0,0,0,0,0,MISW_to_NWPP,140290,2947664,0.2241,10000,0.95,0.95,0.95,0.95,0.95,0.95,0.95,0.95,0.95,0.95,0,0,-1,0,0,1,0,0,0,0,3000,500kV_HVDC,100000,0.062,30
,314,0,0,0,0,0,0,0,0,1,0,0,0,-1,0,0,0,0,0,0,0,0,0,0,0,0,0,0,0,MISW_to_PJMC,48271,1014226,0.0422,32000,0.95,0.95,0.95,0.95,0.95,0.95,0.95,0.95,0.95,0.95,0,0,0,0,0,1,0,-1,0,0,3000,500kV_HVDC,100000,0.062,30
,315,0,0,0,0,0,0,0,0,1,0,0,0,0,0,0,0,0,-1,0,0,0,0,0,0,0,0,0,0,MISW_to_SPPC,63040,1324545,0.0774,10000,0.95,0.95,0.95,0.95,0.95,0.95,0.95,0.95,0.95,0.95,0,0,0,-1,0,1,0,0,0,0,3000,500kV_HVDC,100000,0.062,30
,316,0,0,0,0,0,0,0,0,1,0,0,0,0,0,0,0,0,0,-1,0,0,0,0,0,0,0,0,0,MISW_to_SPPN,58184,1222510,0.0671,55120,0.95,0.95,0.95,0.95,0.95,0.95,0.95,0.95,0.95,0.95,0,0,0,-1,0,1,0,0,0,0,3000,500kV_HVDC,100000,0.062,30
,317,0,0,0,0,0,0,0,0,0,1,0,0,0,0,0,0,-1,0,0,0,0,0,0,0,0,0,0,0,NWPP_to_RMRG,87761,1843976,0.1319,10000,0.95,0.95,0.95,0.95,0.95,0.95,0.95,0.95,0.95,0.95,0,0,0,0,0,0,0,0,0,0,3000,500kV_HVDC,100000,0.062,30
,318,0,0,0,0,0,0,0,0,0,0,1,-1,0,0,0,0,0,0,0,0,0,0,0,0,0,0,0,0,NYCW_to_NYUP,89663,1883929,0.0778,24890,0.95,0.95,0.95,0.95,0.95,0.95,0.95,0.95,0.95,0.95,0,0,0,0,0,0,0,0,0,0,3000,500kV_HVDC,100000,0.062,30
,319,0,0,0,0,0,0,0,0,0,0,1,0,0,0,-1,0,0,0,0,0,0,0,0,0,0,0,0,0,NYCW_to_PJME,67769,1423917,0.0277,10000,0.95,0.95,0.95,0.95,0.95,0.95,0.95,0.95,0.95,0.95,0,0,0,0,0,0,0,-1,1,0,3000,500kV_HVDC,100000,0.062,30
,320,0,0,0,0,0,0,0,0,0,0,0,1,0,0,-1,0,0,0,0,0,0,0,0,0,0,0,0,0,NYUP_to_PJME,50370,1058336,0.0782,12550,0.95,0.95,0.95,0.95,0.95,0.95,0.95,0.95,0.95,0.95,0,0,0,0,0,0,0,-1,1,0,3000,500kV_HVDC,100000,0.062,30
,321,0,0,0,0,0,0,0,0,0,0,0,0,1,0,0,-1,0,0,0,0,0,0,0,0,0,0,0,0,PJMC_to_PJMW,36939,776126,0.0675,10000,0.95,0.95,0.95,0.95,0.95,0.95,0.95,0.95,0.95,0.95,0,0,0,0,0,0,0,0,0,0,3000,500kV_HVDC,100000,0.062,30
,322,0,0,0,0,0,0,0,0,0,0,0,0,0,1,-1,0,0,0,0,0,0,0,0,0,0,0,0,0,PJMD_to_PJME,34289,720464,0.0459,12000,0.95,0.95,0.95,0.95,0.95,0.95,0.95,0.95,0.95,0.95,0,0,0,0,0,0,0,0,0,0,3000,500kV_HVDC,100000,0.062,30
,323,0,0,0,0,0,0,0,0,0,0,0,0,0,1,0,-1,0,0,0,0,0,0,0,0,0,0,0,0,PJMD_to_PJMW,50012,1050813,0.0942,69300,0.95,0.95,0.95,0.95,0.95,0.95,0.95,0.95,0.95,0.95,0,0,0,0,0,0,0,0,0,0,3000,500kV_HVDC,100000,0.062,30
,324,0,0,0,0,0,0,0,0,0,0,0,0,0,1,0,0,0,0,0,0,-1,0,0,0,0,0,0,0,PJMD_to_SRCA,51026,1072121,0.1069,10000,0.95,0.95,0.95,0.95,0.95,0.95,0.95,0.95,0.95,0.95,0,0,0,0,0,0,-1,1,0,0,3000,500kV_HVDC,100000,0.062,30
,325,0,0,0,0,0,0,0,0,0,0,0,0,0,0,1,-1,0,0,0,0,0,0,0,0,0,0,0,0,PJME_to_PJMW,48880,1027036,0.0792,38850,0.95,0.95,0.95,0.95,0.95,0.95,0.95,0.95,0.95,0.95,0,0,0,0,0,0,0,0,0,0,3000,500kV_HVDC,100000,0.062,30
,326,0,0,0,0,0,0,0,0,0,0,0,0,0,0,0,1,0,0,0,0,-1,0,0,0,0,0,0,0,PJMW_to_SRCA,67573,1419804,0.142,12190,0.95,0.95,0.95,0.95,0.95,0.95,0.95,0.95,0.95,0.95,0,0,0,0,0,0,-1,1,0,0,3000,500kV_HVDC,100000,0.062,30
,327,0,0,0,0,0,0,0,0,0,0,0,0,0,0,0,1,0,0,0,0,0,-1,0,0,0,0,0,0,PJMW_to_SRCE,51736,1087041,0.0759,33330,0.95,0.95,0.95,0.95,0.95,0.95,0.95,0.95,0.95,0.95,0,0,0,0,0,0,-1,1,0,0,3000,500kV_HVDC,100000,0.062,30
,328,0,0,0,0,0,0,0,0,0,0,0,0,0,0,0,0,1,-1,0,0,0,0,0,0,0,0,0,0,RMRG_to_SPPC,34699,729067,0.0534,10000,0.95,0.95,0.95,0.95,0.95,0.95,0.95,0.95,0.95,0.95,0,0,1,-1,0,0,0,0,0,0,3000,500kV_HVDC,100000,0.062,30
,329,0,0,0,0,0,0,0,0,0,0,0,0,0,0,0,0,1,0,-1,0,0,0,0,0,0,0,0,0,RMRG_to_SPPN,30961,650524,0.0445,10000,0.95,0.95,0.95,0.95,0.95,0.95,0.95,0.95,0.95,0.95,0,0,1,-1,0,0,0,0,0,0,3000,500kV_HVDC,100000,0.062,30
,330,0,0,0,0,0,0,0,0,0,0,0,0,0,0,0,0,1,0,0,0,0,0,0,-1,0,0,0,0,RMRG_to_SRSG,57246,1202803,0.1231,10000,0.95,0.95,0.95,0.95,0.95,0.95,0.95,0.95,0.95,0.95,0,-1,1,0,0,0,0,0,0,0,3000,500kV_HVDC,100000,0.062,30
,331,0,0,0,0,0,0,0,0,0,0,0,0,0,0,0,0,0,1,-1,0,0,0,0,0,0,0,0,0,SPPC_to_SPPN,20052,421318,0.0149,14330,0.95,0.95,0.95,0.95,0.95,0.95,0.95,0.95,0.95,0.95,0,0,0,0,0,0,0,0,0,0,3000,500kV_HVDC,100000,0.062,30
,332,0,0,0,0,0,0,0,0,0,0,0,0,0,0,0,0,0,1,0,-1,0,0,0,0,0,0,0,0,SPPC_to_SPPS,24519,515186,0.0259,33720,0.95,0.95,0.95,0.95,0.95,0.95,0.95,0.95,0.95,0.95,0,0,0,0,0,0,0,0,0,0,3000,500kV_HVDC,100000,0.062,30
,333,0,0,0,0,0,0,0,0,0,0,0,0,0,0,0,0,0,0,1,-1,0,0,0,0,0,0,0,0,SPPN_to_SPPS,29474,619291,0.0387,10000,0.95,0.95,0.95,0.95,0.95,0.95,0.95,0.95,0.95,0.95,0,0,0,0,0,0,0,0,0,0,3000,500kV_HVDC,100000,0.062,30
,334,0,0,0,0,0,0,0,0,0,0,0,0,0,0,0,0,0,0,0,1,0,0,0,-1,0,0,0,0,SPPS_to_SRSG,56932,1196207,0.1276,10100,0.95,0.95,0.95,0.95,0.95,0.95,0.95,0.95,0.95,0.95,0,-1,0,1,0,0,0,0,0,0,3000,500kV_HVDC,100000,0.062,30
,335,0,0,0,0,0,0,0,0,0,0,0,0,0,0,0,0,0,0,0,1,0,0,0,0,-1,0,0,0,SPPS_to_TRE,34499,724870,0.0373,10000,0.95,0.95,0.95,0.95,0.95,0.95,0.95,0.95,0.95,0.95,0,0,0,1,-1,0,0,0,0,0,3000,500kV_HVDC,100000,0.062,30
,336,0,0,0,0,0,0,0,0,0,0,0,0,0,0,0,0,0,0,0,1,0,0,0,0,0,-1,0,0,SPPS_to_TRE_WEST,26534,557510,0.0339,10000,0.95,0.95,0.95,0.95,0.95,0.95,0.95,0.95,0.95,0.95,0,0,0,1,-1,0,0,0,0,0,3000,500kV_HVDC,100000,0.062,30
,337,0,0,0,0,0,0,0,0,0,0,0,0,0,0,0,0,0,0,0,0,1,-1,0,0,0,0,0,0,SRCA_to_SRCE,72750,1528569,0.1155,10000,0.95,0.95,0.95,0.95,0.95,0.95,0.95,0.95,0.95,0.95,0,0,0,0,0,0,0,0,0,0,3000,500kV_HVDC,100000,0.062,30
,338,0,0,0,0,0,0,0,0,0,0,0,0,0,0,0,0,0,0,0,0,1,0,-1,0,0,0,0,0,SRCA_to_SRSE,63157,1327007,0.0982,14000,0.95,0.95,0.95,0.95,0.95,0.95,0.95,0.95,0.95,0.95,0,0,0,0,0,0,0,0,0,0,3000,500kV_HVDC,100000,0.062,30
,339,0,0,0,0,0,0,0,0,0,0,0,0,0,0,0,0,0,0,0,0,0,1,-1,0,0,0,0,0,SRCE_to_SRSE,60099,1262759,0.0557,31960,0.95,0.95,0.95,0.95,0.95,0.95,0.95,0.95,0.95,0.95,0,0,0,0,0,0,0,0,0,0,3000,500kV_HVDC,100000,0.062,30
,340,0,0,0,0,0,0,0,0,0,0,0,0,0,0,0,0,0,0,0,0,0,0,0,0,1,-1,0,0,TRE_to_TRE_WEST,38140,801368,0.0484,165290,0.95,0.95,0.95,0.95,0.95,0.95,0.95,0.95,0.95,0.95,0,0,0,0,0,0,0,0,0,0,3000,500kV_HVDC,100000,0.062,30
,341,0,0,0,0,0,0,0,0,0,1,0,0,0,0,0,0,0,0,-1,0,0,0,0,0,0,0,0,0,NWPP_to_SPPN,101368,2129864,0.1685,10000,0.95,0.95,0.95,0.95,0.95,0.95,0.95,0.95,0.95,0.95,0,0,1,-1,0,0,0,0,0,0,3000,500kV_HVDC,100000,0.062,30
,342,0,0,0,0,0,0,0,0,0,0,0,0,0,0,0,0,0,0,0,0,0,0,0,1,-1,0,0,0,SRSG_to_TRE,69363,1457411,0.1456,10000,0.95,0.95,0.95,0.95,0.95,0.95,0.95,0.95,0.95,0.95,0,1,0,0,-1,0,0,0,0,0,3000,500kV_HVDC,100000,0.062,30
,343,1,-1,0,0,0,0,0,0,0,0,0,0,0,0,0,0,0,0,0,0,0,0,0,0,0,0,0,0,BASN_to_CANO,103498,2174624,0.139,10000,0.95,0.95,0.95,0.95,0.95,0.95,0.95,0.95,0.95,0.95,-1,0,1,0,0,0,0,0,0,0,3000,500kV_double,100000,0.062,30
,344,1,0,-1,0,0,0,0,0,0,0,0,0,0,0,0,0,0,0,0,0,0,0,0,0,0,0,0,0,BASN_to_CASO,69597,1462314,0.0894,59200,0.95,0.95,0.95,0.95,0.95,0.95,0.95,0.95,0.95,0.95,-1,0,1,0,0,0,0,0,0,0,3000,500kV_double,100000,0.062,30
,345,1,0,0,0,0,0,0,0,0,-1,0,0,0,0,0,0,0,0,0,0,0,0,0,0,0,0,0,0,BASN_to_NWPP,138194,2903625,0.1597,33500,0.95,0.95,0.95,0.95,0.95,0.95,0.95,0.95,0.95,0.95,0,0,0,0,0,0,0,0,0,0,3000,500kV_double,100000,0.062,30
,346,1,0,0,0,0,0,0,0,0,0,0,0,0,0,0,0,-1,0,0,0,0,0,0,0,0,0,0,0,BASN_to_RMRG,88970,1869362,0.1102,37500,0.95,0.95,0.95,0.95,0.95,0.95,0.95,0.95,0.95,0.95,0,0,0,0,0,0,0,0,0,0,3000,500kV_double,100000,0.062,30
,347,1,0,0,0,0,0,0,0,0,0,0,0,0,0,0,0,0,0,0,0,0,0,0,-1,0,0,0,0,BASN_to_SRSG,79551,1671469,0.1271,53850,0.95,0.95,0.95,0.95,0.95,0.95,0.95,0.95,0.95,0.95,0,-1,1,0,0,0,0,0,0,0,3000,500kV_double,100000,0.062,30
,348,0,1,-1,0,0,0,0,0,0,0,0,0,0,0,0,0,0,0,0,0,0,0,0,0,0,0,0,0,CANO_to_CASO,60611,1273525,0.0803,36750,0.95,0.95,0.95,0.95,0.95,0.95,0.95,0.95,0.95,0.95,0,0,0,0,0,0,0,0,0,0,3000,500kV_double,100000,0.062,30
,349,0,1,0,0,0,0,0,0,0,-1,0,0,0,0,0,0,0,0,0,0,0,0,0,0,0,0,0,0,CANO_to_NWPP,95941,2015838,0.1158,36750,0.95,0.95,0.95,0.95,0.95,0.95,0.95,0.95,0.95,0.95,1,0,-1,0,0,0,0,0,0,0,3000,500kV_double,100000,0.062,30
,350,0,0,1,0,0,0,0,0,0,-1,0,0,0,0,0,0,0,0,0,0,0,0,0,0,0,0,0,0,CASO_to_NWPP,126383,2655474,0.1479,28580,0.95,0.95,0.95,0.95,0.95,0.95,0.95,0.95,0.95,0.95,1,0,-1,0,0,0,0,0,0,0,3000,500kV_double,100000,0.062,30
,351,0,0,1,0,0,0,0,0,0,0,0,0,0,0,0,0,0,0,0,0,0,0,0,-1,0,0,0,0,CASO_to_SRSG,51116,1074010,0.0988,43540,0.95,0.95,0.95,0.95,0.95,0.95,0.95,0.95,0.95,0.95,1,-1,0,0,0,0,0,0,0,0,3000,500kV_double,100000,0.062,30
,352,0,0,0,1,0,0,0,0,0,0,0,0,0,0,0,0,0,0,0,0,0,0,-1,0,0,0,0,0,FRCC_to_SRSE,64684,1359085,0.0856,36000,0.95,0.95,0.95,0.95,0.95,0.95,0.95,0.95,0.95,0.95,0,0,0,0,0,0,0,0,0,0,3000,500kV_double,100000,0.062,30
,353,0,0,0,0,1,0,0,0,0,0,-1,0,0,0,0,0,0,0,0,0,0,0,0,0,0,0,0,0,ISNE_to_NYCW,83681,1758242,0.0347,10000,0.95,0.95,0.95,0.95,0.95,0.95,0.95,0.95,0.95,0.95,0,0,0,0,0,0,0,0,-1,1,3000,500kV_double,100000,0.062,30
,354,0,0,0,0,1,0,0,0,0,0,0,-1,0,0,0,0,0,0,0,0,0,0,0,0,0,0,0,0,ISNE_to_NYUP,47138,990421,0.0838,14000,0.95,0.95,0.95,0.95,0.95,0.95,0.95,0.95,0.95,0.95,0,0,0,0,0,0,0,0,-1,1,3000,500kV_double,100000,0.062,30
,355,0,0,0,0,0,1,-1,0,0,0,0,0,0,0,0,0,0,0,0,0,0,0,0,0,0,0,0,0,MISC_to_MISE,53754,1129450,0.074,10000,0.95,0.95,0.95,0.95,0.95,0.95,0.95,0.95,0.95,0.95,0,0,0,0,0,0,0,0,0,0,3000,500kV_double,100000,0.062,30
,356,0,0,0,0,0,1,0,-1,0,0,0,0,0,0,0,0,0,0,0,0,0,0,0,0,0,0,0,0,MISC_to_MISS,79662,1673797,0.1067,10390,0.95,0.95,0.95,0.95,0.95,0.95,0.95,0.95,0.95,0.95,0,0,0,0,0,0,0,0,0,0,3000,500kV_double,100000,0.062,30
,357,0,0,0,0,0,1,0,0,-1,0,0,0,0,0,0,0,0,0,0,0,0,0,0,0,0,0,0,0,MISC_to_MISW,79027,1660457,0.1021,16550,0.95,0.95,0.95,0.95,0.95,0.95,0.95,0.95,0.95,0.95,0,0,0,0,0,0,0,0,0,0,3000,500kV_double,100000,0.062,30
,358,0,0,0,0,0,1,0,0,0,0,0,0,-1,0,0,0,0,0,0,0,0,0,0,0,0,0,0,0,MISC_to_PJMC,32829,689784,0.0466,52440,0.95,0.95,0.95,0.95,0.95,0.95,0.95,0.95,0.95,0.95,0,0,0,0,0,1,0,-1,0,0,3000,500kV_double,100000,0.062,30
,359,0,0,0,0,0,1,0,0,0,0,0,0,0,0,0,-1,0,0,0,0,0,0,0,0,0,0,0,0,MISC_to_PJMW,42106,884699,0.0849,54410,0.95,0.95,0.95,0.95,0.95,0.95,0.95,0.95,0.95,0.95,0,0,0,0,0,1,0,-1,0,0,3000,500kV_double,100000,0.062,30
,360,0,0,0,0,0,1,0,0,0,0,0,0,0,0,0,0,0,-1,0,0,0,0,0,0,0,0,0,0,MISC_to_SPPC,37705,792225,0.0518,14300,0.95,0.95,0.95,0.95,0.95,0.95,0.95,0.95,0.95,0.95,0,0,0,-1,0,1,0,0,0,0,3000,500kV_double,100000,0.062,30
,361,0,0,0,0,0,1,0,0,0,0,0,0,0,0,0,0,0,0,-1,0,0,0,0,0,0,0,0,0,MISC_to_SPPN,51095,1073581,0.0685,10000,0.95,0.95,0.95,0.95,0.95,0.95,0.95,0.95,0.95,0.95,0,0,0,-1,0,1,0,0,0,0,3000,500kV_double,100000,0.062,30
,362,0,0,0,0,0,1,0,0,0,0,0,0,0,0,0,0,0,0,0,-1,0,0,0,0,0,0,0,0,MISC_to_SPPS,62991,1323521,0.0867,11720,0.95,0.95,0.95,0.95,0.95,0.95,0.95,0.95,0.95,0.95,0,0,0,-1,0,1,0,0,0,0,3000,500kV_double,100000,0.062,30
,363,0,0,0,0,0,1,0,0,0,0,0,0,0,0,0,0,0,0,0,0,0,-1,0,0,0,0,0,0,MISC_to_SRCE,47875,1005920,0.0602,37450,0.95,0.95,0.95,0.95,0.95,0.95,0.95,0.95,0.95,0.95,0,0,0,0,0,1,-1,0,0,0,3000,500kV_double,100000,0.062,30
,364,0,0,0,0,0,0,1,0,-1,0,0,0,0,0,0,0,0,0,0,0,0,0,0,0,0,0,0,0,MISE_to_MISW,86053,1808073,0.0997,10000,0.95,0.95,0.95,0.95,0.95,0.95,0.95,0.95,0.95,0.95,0,0,0,0,0,0,0,0,0,0,3000,500kV_double,100000,0.062,30
,365,0,0,0,0,0,0,1,0,0,0,0,0,0,0,0,-1,0,0,0,0,0,0,0,0,0,0,0,0,MISE_to_PJMW,46664,980480,0.0876,26620,0.95,0.95,0.95,0.95,0.95,0.95,0.95,0.95,0.95,0.95,0,0,0,0,0,1,0,-1,0,0,3000,500kV_double,100000,0.062,30
,366,0,0,0,0,0,0,0,1,0,0,0,0,0,0,0,0,0,-1,0,0,0,0,0,0,0,0,0,0,MISS_to_SPPC,70956,1490870,0.0942,10000,0.95,0.95,0.95,0.95,0.95,0.95,0.95,0.95,0.95,0.95,0,0,0,-1,0,1,0,0,0,0,3000,500kV_double,100000,0.062,30
,367,0,0,0,0,0,0,0,1,0,0,0,0,0,0,0,0,0,0,0,-1,0,0,0,0,0,0,0,0,MISS_to_SPPS,59502,1250216,0.0807,16970,0.95,0.95,0.95,0.95,0.95,0.95,0.95,0.95,0.95,0.95,0,0,0,-1,0,1,0,0,0,0,3000,500kV_double,100000,0.062,30
,368,0,0,0,0,0,0,0,1,0,0,0,0,0,0,0,0,0,0,0,0,0,-1,0,0,0,0,0,0,MISS_to_SRCE,54070,1136074,0.0678,40920,0.95,0.95,0.95,0.95,0.95,0.95,0.95,0.95,0.95,0.95,0,0,0,0,0,1,-1,0,0,0,3000,500kV_double,100000,0.062,30
,369,0,0,0,0,0,0,0,1,0,0,0,0,0,0,0,0,0,0,0,0,0,0,-1,0,0,0,0,0,MISS_to_SRSE,58611,1231491,0.0615,10000,0.95,0.95,0.95,0.95,0.95,0.95,0.95,0.95,0.95,0.95,0,0,0,0,0,1,-1,0,0,0,3000,500kV_double,100000,0.062,30
,370,0,0,0,0,0,0,0,0,1,-1,0,0,0,0,0,0,0,0,0,0,0,0,0,0,0,0,0,0,MISW_to_NWPP,217349,4566769,0.2749,10000,0.95,0.95,0.95,0.95,0.95,0.95,0.95,0.95,0.95,0.95,0,0,-1,0,0,1,0,0,0,0,3000,500kV_double,100000,0.062,30
,371,0,0,0,0,0,0,0,0,1,0,0,0,-1,0,0,0,0,0,0,0,0,0,0,0,0,0,0,0,MISW_to_PJMC,37002,777456,0.043,32000,0.95,0.95,0.95,0.95,0.95,0.95,0.95,0.95,0.95,0.95,0,0,0,0,0,1,0,-1,0,0,3000,500kV_double,100000,0.062,30
,372,0,0,0,0,0,0,0,0,1,0,0,0,0,0,0,0,0,-1,0,0,0,0,0,0,0,0,0,0,MISW_to_SPPC,69696,1464400,0.089,10000,0.95,0.95,0.95,0.95,0.95,0.95,0.95,0.95,0.95,0.95,0,0,0,-1,0,1,0,0,0,0,3000,500kV_double,100000,0.062,30
,373,0,0,0,0,0,0,0,0,1,0,0,0,0,0,0,0,0,0,-1,0,0,0,0,0,0,0,0,0,MISW_to_SPPN,59160,1243029,0.0756,55120,0.95,0.95,0.95,0.95,0.95,0.95,0.95,0.95,0.95,0.95,0,0,0,-1,0,1,0,0,0,0,3000,500kV_double,100000,0.062,30
,374,0,0,0,0,0,0,0,0,0,1,0,0,0,0,0,0,-1,0,0,0,0,0,0,0,0,0,0,0,NWPP_to_RMRG,138020,2899981,0.1665,10000,0.95,0.95,0.95,0.95,0.95,0.95,0.95,0.95,0.95,0.95,0,0,0,0,0,0,0,0,0,0,3000,500kV_double,100000,0.062,30
,375,0,0,0,0,0,0,0,0,0,0,1,-1,0,0,0,0,0,0,0,0,0,0,0,0,0,0,0,0,NYCW_to_NYUP,78525,1649914,0.0781,24890,0.95,0.95,0.95,0.95,0.95,0.95,0.95,0.95,0.95,0.95,0,0,0,0,0,0,0,0,0,0,3000,500kV_double,100000,0.062,30
,376,0,0,0,0,0,0,0,0,0,0,1,0,0,0,-1,0,0,0,0,0,0,0,0,0,0,0,0,0,NYCW_to_PJME,54747,1150303,0.0277,10000,0.95,0.95,0.95,0.95,0.95,0.95,0.95,0.95,0.95,0.95,0,0,0,0,0,0,0,-1,1,0,3000,500kV_double,100000,0.062,30
,377,0,0,0,0,0,0,0,0,0,0,0,1,0,0,-1,0,0,0,0,0,0,0,0,0,0,0,0,0,NYUP_to_PJME,38434,807546,0.0785,12550,0.95,0.95,0.95,0.95,0.95,0.95,0.95,0.95,0.95,0.95,0,0,0,0,0,0,0,-1,1,0,3000,500kV_double,100000,0.062,30
,378,0,0,0,0,0,0,0,0,0,0,0,0,1,0,0,-1,0,0,0,0,0,0,0,0,0,0,0,0,PJMC_to_PJMW,33223,698063,0.0736,10000,0.95,0.95,0.95,0.95,0.95,0.95,0.95,0.95,0.95,0.95,0,0,0,0,0,0,0,0,0,0,3000,500kV_double,100000,0.062,30
,379,0,0,0,0,0,0,0,0,0,0,0,0,0,1,-1,0,0,0,0,0,0,0,0,0,0,0,0,0,PJMD_to_PJME,21732,456627,0.046,12000,0.95,0.95,0.95,0.95,0.95,0.95,0.95,0.95,0.95,0.95,0,0,0,0,0,0,0,0,0,0,3000,500kV_double,100000,0.062,30
,380,0,0,0,0,0,0,0,0,0,0,0,0,0,1,0,-1,0,0,0,0,0,0,0,0,0,0,0,0,PJMD_to_PJMW,48197,1012675,0.0988,69300,0.95,0.95,0.95,0.95,0.95,0.95,0.95,0.95,0.95,0.95,0,0,0,0,0,0,0,0,0,0,3000,500kV_double,100000,0.062,30
,381,0,0,0,0,0,0,0,0,0,0,0,0,0,1,0,0,0,0,0,0,-1,0,0,0,0,0,0,0,PJMD_to_SRCA,45790,962099,0.1114,10000,0.95,0.95,0.95,0.95,0.95,0.95,0.95,0.95,0.95,0.95,0,0,0,0,0,0,-1,1,0,0,3000,500kV_double,100000,0.062,30
,382,0,0,0,0,0,0,0,0,0,0,0,0,0,0,1,-1,0,0,0,0,0,0,0,0,0,0,0,0,PJME_to_PJMW,48509,1019231,0.0846,38850,0.95,0.95,0.95,0.95,0.95,0.95,0.95,0.95,0.95,0.95,0,0,0,0,0,0,0,0,0,0,3000,500kV_double,100000,0.062,30
,383,0,0,0,0,0,0,0,0,0,0,0,0,0,0,0,1,0,0,0,0,-1,0,0,0,0,0,0,0,PJMW_to_SRCA,78032,1639562,0.1523,12190,0.95,0.95,0.95,0.95,0.95,0.95,0.95,0.95,0.95,0.95,0,0,0,0,0,0,-1,1,0,0,3000,500kV_double,100000,0.062,30
,384,0,0,0,0,0,0,0,0,0,0,0,0,0,0,0,1,0,0,0,0,0,-1,0,0,0,0,0,0,PJMW_to_SRCE,43235,908421,0.0779,33330,0.95,0.95,0.95,0.95,0.95,0.95,0.95,0.95,0.95,0.95,0,0,0,0,0,0,-1,1,0,0,3000,500kV_double,100000,0.062,30
,385,0,0,0,0,0,0,0,0,0,0,0,0,0,0,0,0,1,-1,0,0,0,0,0,0,0,0,0,0,RMRG_to_SPPC,47472,997441,0.0698,10000,0.95,0.95,0.95,0.95,0.95,0.95,0.95,0.95,0.95,0.95,0,0,1,-1,0,0,0,0,0,0,3000,500kV_double,100000,0.062,30
,386,0,0,0,0,0,0,0,0,0,0,0,0,0,0,0,0,1,0,-1,0,0,0,0,0,0,0,0,0,RMRG_to_SPPN,39323,826235,0.0582,10000,0.95,0.95,0.95,0.95,0.95,0.95,0.95,0.95,0.95,0.95,0,0,1,-1,0,0,0,0,0,0,3000,500kV_double,100000,0.062,30
,387,0,0,0,0,0,0,0,0,0,0,0,0,0,0,0,0,1,0,0,0,0,0,0,-1,0,0,0,0,RMRG_to_SRSG,82081,1724616,0.1461,10000,0.95,0.95,0.95,0.95,0.95,0.95,0.95,0.95,0.95,0.95,0,-1,1,0,0,0,0,0,0,0,3000,500kV_double,100000,0.062,30
,388,0,0,0,0,0,0,0,0,0,0,0,0,0,0,0,0,0,1,-1,0,0,0,0,0,0,0,0,0,SPPC_to_SPPN,14323,300951,0.0195,14330,0.95,0.95,0.95,0.95,0.95,0.95,0.95,0.95,0.95,0.95,0,0,0,0,0,0,0,0,0,0,3000,500kV_double,100000,0.062,30
,389,0,0,0,0,0,0,0,0,0,0,0,0,0,0,0,0,0,1,0,-1,0,0,0,0,0,0,0,0,SPPC_to_SPPS,24355,511728,0.0339,33720,0.95,0.95,0.95,0.95,0.95,0.95,0.95,0.95,0.95,0.95,0,0,0,0,0,0,0,0,0,0,3000,500kV_double,100000,0.062,30
,390,0,0,0,0,0,0,0,0,0,0,0,0,0,0,0,0,0,0,1,-1,0,0,0,0,0,0,0,0,SPPN_to_SPPS,35550,746945,0.0506,10000,0.95,0.95,0.95,0.95,0.95,0.95,0.95,0.95,0.95,0.95,0,0,0,0,0,0,0,0,0,0,3000,500kV_double,100000,0.062,30
,391,0,0,0,0,0,0,0,0,0,0,0,0,0,0,0,0,0,0,0,1,0,0,0,-1,0,0,0,0,SPPS_to_SRSG,82606,1735657,0.1519,10100,0.95,0.95,0.95,0.95,0.95,0.95,0.95,0.95,0.95,0.95,0,-1,0,1,0,0,0,0,0,0,3000,500kV_double,100000,0.062,30
,392,0,0,0,0,0,0,0,0,0,0,0,0,0,0,0,0,0,0,0,1,0,0,0,0,-1,0,0,0,SPPS_to_TRE,29712,624286,0.0422,10000,0.95,0.95,0.95,0.95,0.95,0.95,0.95,0.95,0.95,0.95,0,0,0,1,-1,0,0,0,0,0,3000,500kV_double,100000,0.062,30
,393,0,0,0,0,0,0,0,0,0,0,0,0,0,0,0,0,0,0,0,1,0,0,0,0,0,-1,0,0,SPPS_to_TRE_WEST,29803,626200,0.0443,10000,0.95,0.95,0.95,0.95,0.95,0.95,0.95,0.95,0.95,0.95,0,0,0,1,-1,0,0,0,0,0,3000,500kV_double,100000,0.062,30
,394,0,0,0,0,0,0,0,0,0,0,0,0,0,0,0,0,0,0,0,0,1,-1,0,0,0,0,0,0,SRCA_to_SRCE,84773,1781190,0.1257,10000,0.95,0.95,0.95,0.95,0.95,0.95,0.95,0.95,0.95,0.95,0,0,0,0,0,0,0,0,0,0,3000,500kV_double,100000,0.062,30
,395,0,0,0,0,0,0,0,0,0,0,0,0,0,0,0,0,0,0,0,0,1,0,-1,0,0,0,0,0,SRCA_to_SRSE,61800,1298487,0.1037,14000,0.95,0.95,0.95,0.95,0.95,0.95,0.95,0.95,0.95,0.95,0,0,0,0,0,0,0,0,0,0,3000,500kV_double,100000,0.062,30
,396,0,0,0,0,0,0,0,0,0,0,0,0,0,0,0,0,0,0,0,0,0,1,-1,0,0,0,0,0,SRCE_to_SRSE,55698,1170284,0.0603,31960,0.95,0.95,0.95,0.95,0.95,0.95,0.95,0.95,0.95,0.95,0,0,0,0,0,0,0,0,0,0,3000,500kV_double,100000,0.062,30
,397,0,0,0,0,0,0,0,0,0,0,0,0,0,0,0,0,0,0,0,0,0,0,0,0,1,-1,0,0,TRE_to_TRE_WEST,38042,799317,0.0566,165290,0.95,0.95,0.95,0.95,0.95,0.95,0.95,0.95,0.95,0.95,0,0,0,0,0,0,0,0,0,0,3000,500kV_double,100000,0.062,30
,398,0,0,0,0,0,0,0,0,0,1,0,0,0,0,0,0,0,0,-1,0,0,0,0,0,0,0,0,0,NWPP_to_SPPN,169845,3568652,0.2144,10000,0.95,0.95,0.95,0.95,0.95,0.95,0.95,0.95,0.95,0.95,0,0,1,-1,0,0,0,0,0,0,3000,500kV_double,100000,0.062,30
,399,0,0,0,0,0,0,0,0,0,0,0,0,0,0,0,0,0,0,0,0,0,0,0,1,-1,0,0,0,SRSG_to_TRE,93492,1964393,0.1688,10000,0.95,0.95,0.95,0.95,0.95,0.95,0.95,0.95,0.95,0.95,0,1,0,0,-1,0,0,0,0,0,3000,500kV_double,100000,0.062,30
,400,1,-1,0,0,0,0,0,0,0,0,0,0,0,0,0,0,0,0,0,0,0,0,0,0,0,0,0,0,BASN_to_CANO,112218,2357836,0.139,10000,0.95,0.95,0.95,0.95,0.95,0.95,0.95,0.95,0.95,0.95,-1,0,1,0,0,0,0,0,0,0,1500,500kV_single,100000,0.062,30
,401,1,0,-1,0,0,0,0,0,0,0,0,0,0,0,0,0,0,0,0,0,0,0,0,0,0,0,0,0,BASN_to_CASO,73018,1534193,0.0894,59200,0.95,0.95,0.95,0.95,0.95,0.95,0.95,0.95,0.95,0.95,-1,0,1,0,0,0,0,0,0,0,1500,500kV_single,100000,0.062,30
,402,1,0,0,0,0,0,0,0,0,-1,0,0,0,0,0,0,0,0,0,0,0,0,0,0,0,0,0,0,BASN_to_NWPP,148210,3114084,0.1598,33500,0.95,0.95,0.95,0.95,0.95,0.95,0.95,0.95,0.95,0.95,0,0,0,0,0,0,0,0,0,0,1500,500kV_single,100000,0.062,30
,403,1,0,0,0,0,0,0,0,0,0,0,0,0,0,0,0,-1,0,0,0,0,0,0,0,0,0,0,0,BASN_to_RMRG,95086,1997868,0.1102,37500,0.95,0.95,0.95,0.95,0.95,0.95,0.95,0.95,0.95,0.95,0,0,0,0,0,0,0,0,0,0,1500,500kV_single,100000,0.062,30
,404,1,0,0,0,0,0,0,0,0,0,0,0,0,0,0,0,0,0,0,0,0,0,0,-1,0,0,0,0,BASN_to_SRSG,83665,1757906,0.1271,53850,0.95,0.95,0.95,0.95,0.95,0.95,0.95,0.95,0.95,0.95,0,-1,1,0,0,0,0,0,0,0,1500,500kV_single,100000,0.062,30
,405,0,1,-1,0,0,0,0,0,0,0,0,0,0,0,0,0,0,0,0,0,0,0,0,0,0,0,0,0,CANO_to_CASO,71150,1494958,0.0803,36750,0.95,0.95,0.95,0.95,0.95,0.95,0.95,0.95,0.95,0.95,0,0,0,0,0,0,0,0,0,0,1500,500kV_single,100000,0.062,30
,406,0,1,0,0,0,0,0,0,0,-1,0,0,0,0,0,0,0,0,0,0,0,0,0,0,0,0,0,0,CANO_to_NWPP,104166,2188667,0.1159,36750,0.95,0.95,0.95,0.95,0.95,0.95,0.95,0.95,0.95,0.95,1,0,-1,0,0,0,0,0,0,0,1500,500kV_single,100000,0.062,30
,407,0,0,1,0,0,0,0,0,0,-1,0,0,0,0,0,0,0,0,0,0,0,0,0,0,0,0,0,0,CASO_to_NWPP,140747,2957269,0.148,28580,0.95,0.95,0.95,0.95,0.95,0.95,0.95,0.95,0.95,0.95,1,0,-1,0,0,0,0,0,0,0,1500,500kV_single,100000,0.062,30
,408,0,0,1,0,0,0,0,0,0,0,0,0,0,0,0,0,0,0,0,0,0,0,0,-1,0,0,0,0,CASO_to_SRSG,57080,1199315,0.0988,43540,0.95,0.95,0.95,0.95,0.95,0.95,0.95,0.95,0.95,0.95,1,-1,0,0,0,0,0,0,0,0,1500,500kV_single,100000,0.062,30
,409,0,0,0,1,0,0,0,0,0,0,0,0,0,0,0,0,0,0,0,0,0,0,-1,0,0,0,0,0,FRCC_to_SRSE,68604,1441467,0.0856,36000,0.95,0.95,0.95,0.95,0.95,0.95,0.95,0.95,0.95,0.95,0,0,0,0,0,0,0,0,0,0,1500,500kV_single,100000,0.062,30
,410,0,0,0,0,1,0,0,0,0,0,-1,0,0,0,0,0,0,0,0,0,0,0,0,0,0,0,0,0,ISNE_to_NYCW,96260,2022548,0.0347,10000,0.95,0.95,0.95,0.95,0.95,0.95,0.95,0.95,0.95,0.95,0,0,0,0,0,0,0,0,-1,1,1500,500kV_single,100000,0.062,30
,411,0,0,0,0,1,0,0,0,0,0,0,-1,0,0,0,0,0,0,0,0,0,0,0,0,0,0,0,0,ISNE_to_NYUP,49999,1050532,0.0838,14000,0.95,0.95,0.95,0.95,0.95,0.95,0.95,0.95,0.95,0.95,0,0,0,0,0,0,0,0,-1,1,1500,500kV_single,100000,0.062,30
,412,0,0,0,0,0,1,-1,0,0,0,0,0,0,0,0,0,0,0,0,0,0,0,0,0,0,0,0,0,MISC_to_MISE,56214,1181121,0.074,10000,0.95,0.95,0.95,0.95,0.95,0.95,0.95,0.95,0.95,0.95,0,0,0,0,0,0,0,0,0,0,1500,500kV_single,100000,0.062,30
,413,0,0,0,0,0,1,0,-1,0,0,0,0,0,0,0,0,0,0,0,0,0,0,0,0,0,0,0,0,MISC_to_MISS,87323,1834757,0.1068,10390,0.95,0.95,0.95,0.95,0.95,0.95,0.95,0.95,0.95,0.95,0,0,0,0,0,0,0,0,0,0,1500,500kV_single,100000,0.062,30
,414,0,0,0,0,0,1,0,0,-1,0,0,0,0,0,0,0,0,0,0,0,0,0,0,0,0,0,0,0,MISC_to_MISW,83949,1763871,0.1021,16550,0.95,0.95,0.95,0.95,0.95,0.95,0.95,0.95,0.95,0.95,0,0,0,0,0,0,0,0,0,0,1500,500kV_single,100000,0.062,30
,415,0,0,0,0,0,1,0,0,0,0,0,0,-1,0,0,0,0,0,0,0,0,0,0,0,0,0,0,0,MISC_to_PJMC,34641,727857,0.0467,52440,0.95,0.95,0.95,0.95,0.95,0.95,0.95,0.95,0.95,0.95,0,0,0,0,0,1,0,-1,0,0,1500,500kV_single,100000,0.062,30
,416,0,0,0,0,0,1,0,0,0,0,0,0,0,0,0,-1,0,0,0,0,0,0,0,0,0,0,0,0,MISC_to_PJMW,43292,909630,0.0849,54410,0.95,0.95,0.95,0.95,0.95,0.95,0.95,0.95,0.95,0.95,0,0,0,0,0,1,0,-1,0,0,1500,500kV_single,100000,0.062,30
,417,0,0,0,0,0,1,0,0,0,0,0,0,0,0,0,0,0,-1,0,0,0,0,0,0,0,0,0,0,MISC_to_SPPC,39952,839435,0.0519,14300,0.95,0.95,0.95,0.95,0.95,0.95,0.95,0.95,0.95,0.95,0,0,0,-1,0,1,0,0,0,0,1500,500kV_single,100000,0.062,30
,418,0,0,0,0,0,1,0,0,0,0,0,0,0,0,0,0,0,0,-1,0,0,0,0,0,0,0,0,0,MISC_to_SPPN,54837,1152191,0.0685,10000,0.95,0.95,0.95,0.95,0.95,0.95,0.95,0.95,0.95,0.95,0,0,0,-1,0,1,0,0,0,0,1500,500kV_single,100000,0.062,30
,419,0,0,0,0,0,1,0,0,0,0,0,0,0,0,0,0,0,0,0,-1,0,0,0,0,0,0,0,0,MISC_to_SPPS,68297,1435003,0.0868,11720,0.95,0.95,0.95,0.95,0.95,0.95,0.95,0.95,0.95,0.95,0,0,0,-1,0,1,0,0,0,0,1500,500kV_single,100000,0.062,30
,420,0,0,0,0,0,1,0,0,0,0,0,0,0,0,0,0,0,0,0,0,0,-1,0,0,0,0,0,0,MISC_to_SRCE,49077,1031166,0.0602,37450,0.95,0.95,0.95,0.95,0.95,0.95,0.95,0.95,0.95,0.95,0,0,0,0,0,1,-1,0,0,0,1500,500kV_single,100000,0.062,30
,421,0,0,0,0,0,0,1,0,-1,0,0,0,0,0,0,0,0,0,0,0,0,0,0,0,0,0,0,0,MISE_to_MISW,93893,1972820,0.0997,10000,0.95,0.95,0.95,0.95,0.95,0.95,0.95,0.95,0.95,0.95,0,0,0,0,0,0,0,0,0,0,1500,500kV_single,100000,0.062,30
,422,0,0,0,0,0,0,1,0,0,0,0,0,0,0,0,-1,0,0,0,0,0,0,0,0,0,0,0,0,MISE_to_PJMW,49182,1033378,0.0876,26620,0.95,0.95,0.95,0.95,0.95,0.95,0.95,0.95,0.95,0.95,0,0,0,0,0,1,0,-1,0,0,1500,500kV_single,100000,0.062,30
,423,0,0,0,0,0,0,0,1,0,0,0,0,0,0,0,0,0,-1,0,0,0,0,0,0,0,0,0,0,MISS_to_SPPC,79267,1665505,0.0943,10000,0.95,0.95,0.95,0.95,0.95,0.95,0.95,0.95,0.95,0.95,0,0,0,-1,0,1,0,0,0,0,1500,500kV_single,100000,0.062,30
,424,0,0,0,0,0,0,0,1,0,0,0,0,0,0,0,0,0,0,0,-1,0,0,0,0,0,0,0,0,MISS_to_SPPS,66983,1407408,0.0808,16970,0.95,0.95,0.95,0.95,0.95,0.95,0.95,0.95,0.95,0.95,0,0,0,-1,0,1,0,0,0,0,1500,500kV_single,100000,0.062,30
,425,0,0,0,0,0,0,0,1,0,0,0,0,0,0,0,0,0,0,0,0,0,-1,0,0,0,0,0,0,MISS_to_SRCE,58326,1225503,0.0679,40920,0.95,0.95,0.95,0.95,0.95,0.95,0.95,0.95,0.95,0.95,0,0,0,0,0,1,-1,0,0,0,1500,500kV_single,100000,0.062,30
,426,0,0,0,0,0,0,0,1,0,0,0,0,0,0,0,0,0,0,0,0,0,0,-1,0,0,0,0,0,MISS_to_SRSE,63867,1341926,0.0615,10000,0.95,0.95,0.95,0.95,0.95,0.95,0.95,0.95,0.95,0.95,0,0,0,0,0,1,-1,0,0,0,1500,500kV_single,100000,0.062,30
,427,0,0,0,0,0,0,0,0,1,-1,0,0,0,0,0,0,0,0,0,0,0,0,0,0,0,0,0,0,MISW_to_NWPP,236744,4974295,0.2751,10000,0.95,0.95,0.95,0.95,0.95,0.95,0.95,0.95,0.95,0.95,0,0,-1,0,0,1,0,0,0,0,1500,500kV_single,100000,0.062,30
,428,0,0,0,0,0,0,0,0,1,0,0,0,-1,0,0,0,0,0,0,0,0,0,0,0,0,0,0,0,MISW_to_PJMC,37851,795300,0.043,32000,0.95,0.95,0.95,0.95,0.95,0.95,0.95,0.95,0.95,0.95,0,0,0,0,0,1,0,-1,0,0,1500,500kV_single,100000,0.062,30
,429,0,0,0,0,0,0,0,0,1,0,0,0,0,0,0,0,0,-1,0,0,0,0,0,0,0,0,0,0,MISW_to_SPPC,74770,1571004,0.0891,10000,0.95,0.95,0.95,0.95,0.95,0.95,0.95,0.95,0.95,0.95,0,0,0,-1,0,1,0,0,0,0,1500,500kV_single,100000,0.062,30
,430,0,0,0,0,0,0,0,0,1,0,0,0,0,0,0,0,0,0,-1,0,0,0,0,0,0,0,0,0,MISW_to_SPPN,62857,1320699,0.0756,55120,0.95,0.95,0.95,0.95,0.95,0.95,0.95,0.95,0.95,0.95,0,0,0,-1,0,1,0,0,0,0,1500,500kV_single,100000,0.062,30
,431,0,0,0,0,0,0,0,0,0,1,0,0,0,0,0,0,-1,0,0,0,0,0,0,0,0,0,0,0,NWPP_to_RMRG,152679,3207976,0.1666,10000,0.95,0.95,0.95,0.95,0.95,0.95,0.95,0.95,0.95,0.95,0,0,0,0,0,0,0,0,0,0,1500,500kV_single,100000,0.062,30
,432,0,0,0,0,0,0,0,0,0,0,1,-1,0,0,0,0,0,0,0,0,0,0,0,0,0,0,0,0,NYCW_to_NYUP,81734,1717341,0.0781,24890,0.95,0.95,0.95,0.95,0.95,0.95,0.95,0.95,0.95,0.95,0,0,0,0,0,0,0,0,0,0,1500,500kV_single,100000,0.062,30
,433,0,0,0,0,0,0,0,0,0,0,1,0,0,0,-1,0,0,0,0,0,0,0,0,0,0,0,0,0,NYCW_to_PJME,54792,1151260,0.0277,10000,0.95,0.95,0.95,0.95,0.95,0.95,0.95,0.95,0.95,0.95,0,0,0,0,0,0,0,-1,1,0,1500,500kV_single,100000,0.062,30
,434,0,0,0,0,0,0,0,0,0,0,0,1,0,0,-1,0,0,0,0,0,0,0,0,0,0,0,0,0,NYUP_to_PJME,39879,837919,0.0785,12550,0.95,0.95,0.95,0.95,0.95,0.95,0.95,0.95,0.95,0.95,0,0,0,0,0,0,0,-1,1,0,1500,500kV_single,100000,0.062,30
,435,0,0,0,0,0,0,0,0,0,0,0,0,1,0,0,-1,0,0,0,0,0,0,0,0,0,0,0,0,PJMC_to_PJMW,35800,752202,0.0736,10000,0.95,0.95,0.95,0.95,0.95,0.95,0.95,0.95,0.95,0.95,0,0,0,0,0,0,0,0,0,0,1500,500kV_single,100000,0.062,30
,436,0,0,0,0,0,0,0,0,0,0,0,0,0,1,-1,0,0,0,0,0,0,0,0,0,0,0,0,0,PJMD_to_PJME,22256,467628,0.046,12000,0.95,0.95,0.95,0.95,0.95,0.95,0.95,0.95,0.95,0.95,0,0,0,0,0,0,0,0,0,0,1500,500kV_single,100000,0.062,30
,437,0,0,0,0,0,0,0,0,0,0,0,0,0,1,0,-1,0,0,0,0,0,0,0,0,0,0,0,0,PJMD_to_PJMW,51575,1083658,0.0988,69300,0.95,0.95,0.95,0.95,0.95,0.95,0.95,0.95,0.95,0.95,0,0,0,0,0,0,0,0,0,0,1500,500kV_single,100000,0.062,30
,438,0,0,0,0,0,0,0,0,0,0,0,0,0,1,0,0,0,0,0,0,-1,0,0,0,0,0,0,0,PJMD_to_SRCA,47965,1007798,0.1114,10000,0.95,0.95,0.95,0.95,0.95,0.95,0.95,0.95,0.95,0.95,0,0,0,0,0,0,-1,1,0,0,1500,500kV_single,100000,0.062,30
,439,0,0,0,0,0,0,0,0,0,0,0,0,0,0,1,-1,0,0,0,0,0,0,0,0,0,0,0,0,PJME_to_PJMW,52377,1100502,0.0846,38850,0.95,0.95,0.95,0.95,0.95,0.95,0.95,0.95,0.95,0.95,0,0,0,0,0,0,0,0,0,0,1500,500kV_single,100000,0.062,30
,440,0,0,0,0,0,0,0,0,0,0,0,0,0,0,0,1,0,0,0,0,-1,0,0,0,0,0,0,0,PJMW_to_SRCA,83854,1761879,0.1523,12190,0.95,0.95,0.95,0.95,0.95,0.95,0.95,0.95,0.95,0.95,0,0,0,0,0,0,-1,1,0,0,1500,500kV_single,100000,0.062,30
,441,0,0,0,0,0,0,0,0,0,0,0,0,0,0,0,1,0,0,0,0,0,-1,0,0,0,0,0,0,PJMW_to_SRCE,44401,932921,0.0779,33330,0.95,0.95,0.95,0.95,0.95,0.95,0.95,0.95,0.95,0.95,0,0,0,0,0,0,-1,1,0,0,1500,500kV_single,100000,0.062,30
,442,0,0,0,0,0,0,0,0,0,0,0,0,0,0,0,0,1,-1,0,0,0,0,0,0,0,0,0,0,RMRG_to_SPPC,53053,1114719,0.0698,10000,0.95,0.95,0.95,0.95,0.95,0.95,0.95,0.95,0.95,0.95,0,0,1,-1,0,0,0,0,0,0,1500,500kV_single,100000,0.062,30
,443,0,0,0,0,0,0,0,0,0,0,0,0,0,0,0,0,1,0,-1,0,0,0,0,0,0,0,0,0,RMRG_to_SPPN,43864,921648,0.0582,10000,0.95,0.95,0.95,0.95,0.95,0.95,0.95,0.95,0.95,0.95,0,0,1,-1,0,0,0,0,0,0,1500,500kV_single,100000,0.062,30
,444,0,0,0,0,0,0,0,0,0,0,0,0,0,0,0,0,1,0,0,0,0,0,0,-1,0,0,0,0,RMRG_to_SRSG,90536,1902268,0.1462,10000,0.95,0.95,0.95,0.95,0.95,0.95,0.95,0.95,0.95,0.95,0,-1,1,0,0,0,0,0,0,0,1500,500kV_single,100000,0.062,30
,445,0,0,0,0,0,0,0,0,0,0,0,0,0,0,0,0,0,1,-1,0,0,0,0,0,0,0,0,0,SPPC_to_SPPN,16080,337868,0.0195,14330,0.95,0.95,0.95,0.95,0.95,0.95,0.95,0.95,0.95,0.95,0,0,0,0,0,0,0,0,0,0,1500,500kV_single,100000,0.062,30
,446,0,0,0,0,0,0,0,0,0,0,0,0,0,0,0,0,0,1,0,-1,0,0,0,0,0,0,0,0,SPPC_to_SPPS,27207,571647,0.0339,33720,0.95,0.95,0.95,0.95,0.95,0.95,0.95,0.95,0.95,0.95,0,0,0,0,0,0,0,0,0,0,1500,500kV_single,100000,0.062,30
,447,0,0,0,0,0,0,0,0,0,0,0,0,0,0,0,0,0,0,1,-1,0,0,0,0,0,0,0,0,SPPN_to_SPPS,39948,839350,0.0507,10000,0.95,0.95,0.95,0.95,0.95,0.95,0.95,0.95,0.95,0.95,0,0,0,0,0,0,0,0,0,0,1500,500kV_single,100000,0.062,30
,448,0,0,0,0,0,0,0,0,0,0,0,0,0,0,0,0,0,0,0,1,0,0,0,-1,0,0,0,0,SPPS_to_SRSG,90360,1898579,0.152,10100,0.95,0.95,0.95,0.95,0.95,0.95,0.95,0.95,0.95,0.95,0,-1,0,1,0,0,0,0,0,0,1500,500kV_single,100000,0.062,30
,449,0,0,0,0,0,0,0,0,0,0,0,0,0,0,0,0,0,0,0,1,0,0,0,0,-1,0,0,0,SPPS_to_TRE,31972,671771,0.0422,10000,0.95,0.95,0.95,0.95,0.95,0.95,0.95,0.95,0.95,0.95,0,0,0,1,-1,0,0,0,0,0,1500,500kV_single,100000,0.062,30
,450,0,0,0,0,0,0,0,0,0,0,0,0,0,0,0,0,0,0,0,1,0,0,0,0,0,-1,0,0,SPPS_to_TRE_WEST,33046,694343,0.0443,10000,0.95,0.95,0.95,0.95,0.95,0.95,0.95,0.95,0.95,0.95,0,0,0,1,-1,0,0,0,0,0,1500,500kV_single,100000,0.062,30
,451,0,0,0,0,0,0,0,0,0,0,0,0,0,0,0,0,0,0,0,0,1,-1,0,0,0,0,0,0,SRCA_to_SRCE,90492,1901362,0.1258,10000,0.95,0.95,0.95,0.95,0.95,0.95,0.95,0.95,0.95,0.95,0,0,0,0,0,0,0,0,0,0,1500,500kV_single,100000,0.062,30
,452,0,0,0,0,0,0,0,0,0,0,0,0,0,0,0,0,0,0,0,0,1,0,-1,0,0,0,0,0,SRCA_to_SRSE,65235,1370679,0.1037,14000,0.95,0.95,0.95,0.95,0.95,0.95,0.95,0.95,0.95,0.95,0,0,0,0,0,0,0,0,0,0,1500,500kV_single,100000,0.062,30
,453,0,0,0,0,0,0,0,0,0,0,0,0,0,0,0,0,0,0,0,0,0,1,-1,0,0,0,0,0,SRCE_to_SRSE,57977,1218170,0.0603,31960,0.95,0.95,0.95,0.95,0.95,0.95,0.95,0.95,0.95,0.95,0,0,0,0,0,0,0,0,0,0,1500,500kV_single,100000,0.062,30
,454,0,0,0,0,0,0,0,0,0,0,0,0,0,0,0,0,0,0,0,0,0,0,0,0,1,-1,0,0,TRE_to_TRE_WEST,41116,863895,0.0566,165290,0.95,0.95,0.95,0.95,0.95,0.95,0.95,0.95,0.95,0.95,0,0,0,0,0,0,0,0,0,0,1500,500kV_single,100000,0.062,30
,455,0,0,0,0,0,0,0,0,0,1,0,0,0,0,0,0,0,0,-1,0,0,0,0,0,0,0,0,0,NWPP_to_SPPN,187559,3940864,0.2146,10000,0.95,0.95,0.95,0.95,0.95,0.95,0.95,0.95,0.95,0.95,0,0,1,-1,0,0,0,0,0,0,1500,500kV_single,100000,0.062,30
,456,0,0,0,0,0,0,0,0,0,0,0,0,0,0,0,0,0,0,0,0,0,0,0,1,-1,0,0,0,SRSG_to_TRE,101244,2127256,0.1689,10000,0.95,0.95,0.95,0.95,0.95,0.95,0.95,0.95,0.95,0.95,0,1,0,0,-1,0,0,0,0,0,1500,500kV_single,100000,0.062,30
